Timestamp,X,Y,Z
341959,0.61,-0.06,0.12
342062,0.79,-0.12,0.12
342164,-0.31,0.06,0.00
342267,0.49,-0.06,0.12
342369,0.61,-0.06,0.12
342472,0.73,-0.12,0.12
342574,0.55,0.00,0.12
342677,0.61,-0.06,0.12
342779,0.79,-0.06,0.24
342882,0.61,-0.06,0.12
342984,0.61,0.00,0.12
343086,0.43,-0.06,0.12
343189,0.31,0.06,0.06
343291,0.31,0.06,0.06
343393,0.61,-0.06,0.18
343496,0.31,0.00,0.06
343598,0.49,-0.06,0.06
343701,0.49,0.06,0.12
343803,0.43,0.06,0.12
343905,0.55,0.00,0.12
344008,0.55,0.00,0.12
344110,0.55,0.00,0.12
344212,0.61,0.00,0.12
344315,3.60,-2.14,0.43
344417,0.85,0.12,0.37
344520,3.78,-0.85,0.24
344622,-4.94,2.26,11.29
344725,2.69,-3.91,-3.17
344827,-0.12,1.59,2.50
344929,1.10,5.25,0.73
345032,-0.31,0.31,2.75
345134,0.31,0.12,0.18
345236,0.31,0.06,0.12
345339,0.73,-0.06,0.12
345441,0.55,-0.24,0.18
345543,0.24,-0.06,0.18
345646,0.37,0.06,0.18
345748,0.55,0.00,0.06
345850,0.73,-0.12,0.12
345953,0.55,-0.06,0.18
346055,0.37,0.06,0.12
346157,0.55,0.00,0.18
346260,0.67,-0.06,0.12
346362,0.61,0.00,0.12
346464,0.49,0.00,0.18
346566,0.55,-0.06,0.12
346669,0.55,-0.06,0.12
346771,0.49,-0.06,0.12
346874,0.55,0.00,0.12
346976,0.55,0.00,0.12
347078,0.55,-0.06,0.06
347181,0.55,-0.06,0.12
347283,0.49,0.00,0.18
347385,0.55,0.00,0.12
347487,0.55,0.00,0.12
347590,0.67,0.00,0.18
347692,0.55,0.00,0.12
347794,0.55,0.00,0.12
347896,0.61,0.00,0.12
347998,0.85,-0.12,0.18
348101,0.61,0.00,0.12
348203,0.55,0.00,0.12
348305,0.55,0.00,0.12
348407,0.55,0.00,0.12
348510,0.61,0.00,0.18
348612,0.55,0.00,0.12
348715,0.55,-0.06,0.06
348817,0.49,0.00,0.12
348919,0.49,0.00,0.18
349022,0.37,0.00,0.12
349124,0.67,-0.06,0.12
349226,0.55,0.00,0.12
349329,0.67,-0.06,0.18
349431,0.61,-0.06,0.12
349533,0.61,0.00,0.12
349636,0.55,0.00,0.12
349738,0.55,-0.06,0.18
349840,0.61,-0.06,0.12
349943,0.55,0.00,0.12
350045,0.55,0.00,0.12
350148,0.55,0.00,0.18
350250,0.55,0.00,0.12
350352,0.55,0.00,0.12
350454,0.61,-0.06,0.12
350557,0.55,0.00,0.12
350659,0.55,0.00,0.12
350762,0.55,0.00,0.12
350864,0.55,-0.06,0.12
350967,2.32,-0.85,-0.12
351069,0.49,0.00,0.06
351172,0.61,-0.06,0.18
351274,0.55,0.00,0.12
351377,0.61,-0.06,0.12
351479,0.55,0.00,0.12
351582,0.49,-0.06,0.12
351684,0.61,0.00,0.12
351787,0.61,-0.06,0.12
351889,0.55,0.00,0.18
351992,0.49,0.00,0.12
352094,0.55,0.06,0.12
352197,0.55,-0.06,0.12
352300,0.55,0.00,0.18
352402,0.49,-0.06,0.12
352505,0.61,0.00,0.12
352607,0.55,0.00,0.12
352710,0.49,0.00,0.12
352812,0.55,0.00,0.12
352915,0.61,-0.06,0.12
353017,0.61,-0.06,0.12
353120,0.55,0.00,0.12
353222,0.49,0.00,0.12
353325,0.55,0.00,0.12
353427,0.61,-0.06,0.12
353530,0.55,0.00,0.12
353633,0.55,0.00,0.12
353736,0.49,0.00,0.06
353839,0.79,-0.18,0.06
353941,0.73,-0.06,0.12
354043,0.55,-0.06,0.18
354146,0.55,0.00,0.12
354248,0.55,0.00,0.12
354350,0.49,0.00,0.12
354453,0.55,-0.06,0.12
354555,0.61,0.00,0.12
354658,0.31,-0.06,0.24
354760,0.12,0.12,0.18
354862,0.85,-0.18,0.06
354965,0.55,-0.37,0.49
355067,0.49,0.00,0.12
355169,0.55,0.00,0.12
355272,0.73,0.00,0.18
355375,0.55,-0.06,0.12
355477,0.43,0.06,0.12
355580,0.55,0.00,0.18
355683,1.04,-0.24,0.06
355785,0.24,0.00,0.18
355888,0.61,-0.31,0.00
355990,0.12,0.12,0.18
356093,0.79,0.12,0.31
356195,0.43,-0.06,0.06
356297,0.73,-0.06,0.12
356400,0.61,0.06,0.18
356503,0.55,0.00,0.12
356605,0.67,-0.06,0.12
356708,0.92,0.00,0.18
356810,0.55,-0.06,0.12
356913,0.67,-0.06,0.18
357015,0.61,-0.06,0.12
357118,0.55,-0.06,0.12
357220,0.92,-0.06,0.12
357322,0.61,-0.06,0.12
357425,0.55,0.06,0.12
357527,0.43,0.00,0.18
357630,0.55,0.00,0.12
357732,0.43,0.00,0.18
357834,0.31,0.12,0.18
357937,1.10,-0.24,0.12
358040,1.40,-0.12,0.24
358142,0.18,-0.92,0.49
358245,0.49,-0.06,0.12
358348,0.73,-0.06,0.06
358450,0.61,-0.06,0.12
358553,0.31,0.06,0.18
358656,0.37,0.00,0.12
358758,0.79,-0.06,0.12
358860,0.43,-2.01,1.46
358963,1.89,-2.01,0.18
359066,0.18,0.12,0.24
359168,0.67,-0.18,0.06
359270,0.79,-0.06,0.06
359373,0.55,0.00,0.12
359476,0.55,0.00,0.06
359578,0.55,0.00,0.12
359681,0.49,0.00,0.12
359783,0.61,-0.06,0.12
359886,0.49,-0.06,0.12
359988,0.37,0.00,0.00
360090,0.67,-0.06,0.06
360193,0.49,0.00,0.18
360295,0.55,0.00,0.12
360397,0.55,0.00,0.12
360500,0.61,-0.06,0.18
360602,0.67,0.00,0.12
360704,0.61,0.00,0.18
360807,0.55,-0.06,0.12
360909,0.55,-0.18,0.06
361011,0.61,-0.06,0.12
361114,0.55,0.00,0.12
361216,0.61,0.00,0.18
361318,0.61,-0.06,0.12
361420,0.61,0.00,0.18
361523,0.55,0.00,0.12
361625,0.49,0.00,0.18
361728,0.61,0.00,0.18
361830,0.55,0.00,0.12
361932,0.55,-0.06,0.12
362035,0.49,0.00,0.12
362137,0.61,0.00,0.06
362239,0.49,0.00,0.12
362341,0.61,0.00,0.12
362444,0.61,0.00,0.12
362547,0.49,0.00,0.12
362649,0.67,0.00,0.18
362752,0.55,0.00,0.12
362854,0.55,0.00,0.18
362957,0.49,0.00,0.12
363059,0.55,-0.06,0.12
363162,0.55,-0.06,0.12
363264,0.49,0.00,0.12
363366,0.61,0.00,0.12
363469,0.61,0.00,0.12
363571,0.49,0.00,0.12
363674,0.61,0.00,0.12
363776,0.49,0.00,0.12
363879,0.55,0.00,0.12
363981,0.49,0.00,0.12
364084,0.55,0.00,0.12
364186,0.55,0.00,0.12
364289,0.55,0.00,0.12
364391,0.55,0.00,0.12
364493,0.49,0.00,0.12
364596,0.55,0.00,0.12
364698,0.55,-0.06,0.12
364801,0.49,0.00,0.12
364903,0.55,0.00,0.12
365006,0.55,0.00,0.12
365108,0.55,0.00,0.12
365211,0.61,0.00,0.12
365313,0.61,0.00,0.12
365416,0.49,0.00,0.18
365518,0.43,0.06,0.12
365621,0.79,-0.18,0.06
365723,0.79,-0.18,0.06
365826,1.22,-0.18,0.12
365928,1.59,-0.79,-0.24
366031,0.61,-0.06,0.12
366133,0.55,-0.06,0.12
366235,0.61,-0.12,0.18
366338,0.49,0.00,0.12
366440,0.67,-0.06,0.12
366542,0.61,-0.18,0.12
366645,0.61,-0.06,0.12
366747,0.67,-0.06,0.12
366849,0.55,-0.06,0.12
366951,0.55,0.00,0.12
367054,0.55,0.00,0.12
367156,0.49,-0.06,0.18
367258,0.67,-0.12,0.06
367361,0.55,0.00,0.12
367463,0.55,-0.31,0.24
367566,0.49,-0.06,0.12
367668,0.61,-0.06,0.06
367771,0.49,0.00,0.18
367873,0.55,0.00,0.12
367975,0.61,0.00,0.12
368077,0.49,0.00,0.12
368180,0.55,0.00,0.12
368282,0.61,0.00,0.12
368385,0.49,0.00,0.12
368487,0.55,0.00,0.12
368589,0.55,0.00,0.12
368691,0.55,0.00,0.12
368794,0.55,0.00,0.12
368896,0.55,0.00,0.12
368998,0.61,-0.06,0.12
369101,0.55,0.00,0.12
369203,0.55,0.00,0.12
369305,0.55,-0.06,0.12
369408,0.55,0.00,0.18
369510,0.92,-0.18,0.06
369613,0.55,-0.06,0.12
369715,0.49,-0.06,0.12
369818,0.49,0.00,0.12
369920,0.61,-0.06,0.12
370022,0.61,-0.06,0.12
370124,0.55,0.00,0.18
370227,0.49,0.00,0.12
370330,0.49,0.00,0.12
370432,0.67,-0.06,0.12
370535,0.49,0.00,0.12
370637,0.55,0.00,0.12
370740,0.61,-0.06,0.12
370842,0.49,0.06,0.18
370944,0.55,-0.06,0.12
371047,0.49,-0.06,0.06
371149,0.67,0.00,0.18
371251,0.79,0.00,0.24
371354,0.67,0.00,0.18
371456,0.55,0.00,0.12
371558,0.55,0.00,0.12
371660,0.49,0.00,0.12
371763,0.55,-0.06,0.12
371865,-0.79,0.49,0.18
371968,0.31,0.24,0.12
372070,0.06,-0.12,0.18
372173,0.67,-0.06,0.18
372275,0.55,0.00,0.18
372377,0.73,-0.37,0.12
372480,0.31,0.06,0.18
372582,0.43,0.00,0.12
372684,0.49,0.06,0.12
372787,0.67,-0.12,0.06
372890,0.61,-0.06,0.12
372992,0.43,0.00,0.12
373094,0.49,0.00,0.18
373196,0.55,0.00,0.12
373299,0.61,0.00,0.12
373401,0.61,0.00,0.12
373504,0.61,0.00,0.12
373606,0.61,0.00,0.12
373709,0.55,0.06,0.18
373811,0.55,0.00,0.12
373914,0.55,0.00,0.12
374016,0.55,-0.06,0.18
374119,0.49,0.06,0.12
374221,0.49,0.00,0.12
374323,0.55,0.00,0.12
374426,0.55,0.00,0.12
374528,0.49,15.56,0.12
374630,0.61,0.00,0.12
374733,0.55,0.00,0.12
374835,0.61,0.00,0.12
374938,0.61,0.00,0.12
375041,0.61,0.00,0.12
375143,0.55,0.00,0.12
375245,0.61,0.00,0.18
375348,0.61,0.00,0.18
375450,0.61,-0.06,0.06
375553,0.49,0.06,0.18
375655,0.85,-0.12,0.12
375758,0.55,1.10,-13.92
375861,1.65,-1.40,-9.64
375963,3.54,-1.04,-14.28
376066,2.87,8.97,-0.49
376168,0.85,-0.79,-0.12
376271,1.22,0.55,-0.12
376374,-0.12,4.64,0.12
376476,1.65,5.98,-0.49
376579,0.85,0.98,-0.18
376681,0.73,1.28,-0.12
376784,1.28,-1.22,-0.12
376886,-0.67,0.79,0.43
376989,-1.46,2.69,0.61
377091,-2.08,2.01,0.12
377194,0.67,-1.46,0.06
377296,0.43,1.22,0.06
377399,-0.73,1.65,0.49
377501,-1.10,2.62,0.73
377604,-2.75,3.54,-1.65
377707,-0.18,1.34,0.31
377810,-0.55,1.83,0.12
377912,0.67,-0.61,0.06
378015,0.61,0.79,0.43
378117,-0.18,1.40,0.49
378219,-0.12,1.40,0.31
378322,0.79,3.30,0.37
378424,0.24,2.99,2.14
378527,0.43,-0.61,0.06
378629,0.49,-0.18,0.18
378732,0.49,-0.43,0.06
378835,-0.31,-1.40,0.12
378938,-0.92,3.17,-1.28
379040,0.00,-3.54,0.24
379143,2.38,0.24,0.18
379246,7.14,-0.31,-0.24
379348,0.55,-1.04,0.00
379451,1.22,1.10,0.43
379553,-0.06,-0.18,-0.18
379657,-0.06,-0.98,0.18
379759,0.67,0.37,0.06
379862,0.61,0.18,0.12
379965,0.24,0.92,0.24
380068,0.37,1.04,0.18
380170,-0.43,1.16,0.24
380273,0.31,0.55,0.12
380375,0.49,-0.31,0.00
380479,0.43,-0.61,0.00
380581,0.37,-0.55,-0.06
380684,0.31,0.00,0.24
380788,0.79,0.12,0.12
380891,0.43,-0.43,0.06
380994,0.49,0.00,0.18
381096,0.61,-0.06,0.12
381199,0.49,0.12,0.12
381301,0.49,-0.06,0.12
381405,0.61,0.18,0.12
381507,0.61,-0.18,0.06
381610,0.43,-0.24,0.12
381712,0.55,0.12,0.12
381815,0.55,0.06,0.12
381917,0.85,-3.42,-1.04
382020,0.92,-1.16,-0.24
382124,0.67,1.10,0.24
382226,-0.31,-1.65,0.00
382329,1.59,2.50,0.43
382432,0.55,0.00,0.06
382534,-1.04,-4.21,0.00
382637,3.11,5.86,0.49
382739,-3.48,-7.45,0.85
382842,5.68,9.64,1.59
382945,0.92,0.73,0.06
383047,1.77,4.76,0.00
383150,1.53,6.47,0.37
383253,0.85,3.23,0.37
383356,0.24,2.56,0.49
383460,0.61,0.43,0.18
383563,0.12,2.56,0.55
383665,-13.43,3.17,19.53
383767,-0.55,-0.49,0.92
383871,1.83,-0.06,0.55
383974,-2.75,-2.32,2.93
384076,2.38,0.49,-2.20
384179,0.67,0.24,0.18
384281,0.79,0.67,0.00
384384,3.48,-7.26,-2.20
384488,-4.76,-6.41,11.72
384592,2.81,-4.94,9.77
384695,2.62,-1.16,0.49
384797,0.24,-2.20,0.12
384899,-0.12,0.18,0.06
385002,1.34,0.31,0.18
385105,-0.24,-0.98,0.12
385207,0.67,-0.06,0.00
385309,0.55,-0.98,-0.37
385412,0.31,0.31,0.18
385514,-0.24,1.34,0.61
385618,0.79,0.67,-0.06
385720,-0.06,1.16,0.49
385823,-0.12,0.85,0.12
385926,-0.24,1.83,0.43
386028,-2.62,4.88,0.92
386130,-0.49,2.87,0.98
386233,-0.43,3.78,0.55
386336,0.06,4.70,0.85
386439,-1.04,1.65,0.61
386541,0.61,1.46,0.31
386643,0.98,0.31,0.00
386747,0.92,-0.06,0.00
386849,0.98,0.06,-0.06
386952,0.61,0.24,0.12
387055,0.55,-0.06,0.18
387158,0.55,0.00,0.18
387260,0.61,0.00,0.12
387363,0.67,0.37,0.12
387465,0.55,-0.12,0.12
387569,0.37,-2.20,0.00
387671,3.42,-11.60,-1.10
387774,-0.06,-3.66,-0.55
387876,0.18,-2.20,-0.24
387979,0.92,-2.38,-0.49
388081,0.79,-1.10,0.00
388184,0.67,-0.61,0.00
388286,0.73,-0.61,0.00
388389,0.49,0.00,-0.31
388491,0.55,-0.12,0.06
388595,0.49,0.00,0.18
388697,0.55,-0.24,0.06
388800,0.79,-0.67,-0.06
388904,0.18,-2.01,1.10
389006,-0.12,-1.28,0.61
389108,0.73,-0.61,0.31
389211,1.04,0.37,0.00
389314,0.61,0.00,0.12
389417,0.73,-0.73,-0.37
389519,0.67,0.67,0.24
389622,-1.34,3.97,0.31
389724,0.37,1.04,0.49
389826,0.55,-0.67,0.00
389929,0.61,-0.55,-0.06
390031,0.79,0.24,-0.73
390134,0.31,0.55,0.85
390237,0.73,1.89,0.49
390340,0.49,0.00,-0.18
390444,0.98,0.49,0.12
390546,1.34,-3.23,-0.31
390648,5.00,-7.93,3.85
390751,1.28,0.79,0.79
390854,0.85,1.34,0.37
390957,0.61,2.20,0.49
391059,-3.91,15.75,1.53
391163,-0.37,1.83,0.55
391266,5.25,-16.66,-1.59
391369,0.37,-2.56,-0.06
391472,1.10,-0.43,0.00
391574,0.61,0.06,0.24
391677,0.67,0.37,0.24
391779,0.61,-0.12,0.18
391881,1.22,1.22,0.43
391984,0.61,-0.98,-0.24
392087,2.75,4.58,0.12
392189,0.12,1.34,0.37
392291,0.55,-0.06,0.12
392395,0.55,-0.06,0.12
392498,0.55,-0.18,0.18
392600,0.67,-0.06,0.12
392704,0.79,-0.61,-0.06
392807,1.89,-3.60,-0.37
392910,0.73,-7.93,0.24
393013,0.24,-3.72,1.22
393115,0.55,-0.55,0.06
393219,0.00,3.36,1.28
393322,-4.21,4.09,-1.83
393425,-4.21,6.16,9.16
393528,1.95,-3.17,-1.22
393630,3.23,-15.87,-0.18
393733,1.34,10.62,16.60
393835,0.67,-0.31,0.18
393939,0.79,-0.24,0.06
394041,0.55,-0.06,0.12
394144,0.73,-0.18,-0.06
394247,0.67,-0.31,0.06
394350,0.61,-0.18,0.12
394454,0.61,-0.18,0.12
394556,0.61,0.00,0.18
394660,0.55,-0.12,0.18
394762,0.55,-0.18,0.12
394864,0.55,-0.06,0.06
394967,0.73,-0.31,0.06
395069,0.61,-0.24,0.12
395172,0.55,-0.18,0.18
395275,0.67,-0.18,0.18
395377,0.55,-0.06,0.12
395480,0.67,-0.06,0.06
395582,0.49,-0.12,0.06
395685,-0.18,2.14,1.40
395787,-6.90,8.61,4.64
395890,-5.25,17.82,-2.20
395992,-0.12,2.38,0.12
396095,0.92,-0.49,0.00
396197,2.26,-2.99,-1.89
396300,2.20,-12.70,-1.22
396402,0.85,-3.54,0.18
396505,0.61,-0.43,0.06
396607,0.73,0.24,0.24
396711,1.22,-2.14,0.24
396814,0.61,-0.24,0.06
396918,0.61,-0.43,0.00
397020,0.67,-0.43,0.06
397123,0.67,-0.18,0.12
397226,0.55,-0.06,0.18
397330,0.37,-0.67,0.18
397433,0.43,-0.12,0.18
397536,0.49,-0.06,0.12
397638,0.43,-0.12,0.00
397742,0.55,-0.12,0.12
397844,0.61,0.06,0.18
397946,-0.98,6.84,1.65
398049,0.43,0.18,0.18
398151,0.73,-1.77,-0.37
398255,1.28,6.59,-15.44
398358,0.67,0.00,0.06
398460,0.49,0.12,0.12
398562,0.61,0.37,0.18
398664,0.55,0.00,0.18
398767,0.61,0.12,0.18
398869,0.55,-0.18,0.06
398973,0.61,-1.10,-0.55
399076,1.04,-2.08,-0.24
399178,1.71,7.45,-0.06
399281,0.37,-1.46,-0.31
399383,-0.61,-6.47,0.00
399486,0.43,0.00,0.18
399588,0.61,0.31,0.43
399691,0.49,-0.37,0.24
399794,-1.10,-1.83,0.43
399897,0.61,0.37,0.12
400000,0.55,0.00,0.18
400102,0.55,-0.49,-0.18
400204,0.61,-2.38,0.06
400308,0.61,0.00,0.24
400412,0.49,0.06,0.31
400514,0.98,-0.73,-0.06
400617,0.49,-0.12,0.18
400719,0.49,-0.31,0.06
400821,0.67,0.00,0.24
400924,0.37,-0.06,0.00
401026,0.67,0.12,0.31
401128,0.49,0.31,0.37
401231,0.18,1.40,0.49
401333,-0.67,7.93,1.16
401437,-1.89,12.02,1.95
401540,-2.08,13.31,2.14
401644,-0.12,1.46,0.37
401747,-1.89,2.69,2.01
401851,0.49,0.37,0.31
401953,0.37,0.00,0.61
402056,0.67,0.12,0.18
402158,0.55,0.24,0.12
402260,0.12,0.31,-0.06
402364,0.43,0.12,0.12
402467,0.61,0.55,0.31
402571,-9.34,7.14,13.85
402673,0.49,-0.85,-0.12
402775,3.30,-2.56,-0.31
402878,0.24,-0.12,0.24
402980,-0.12,-6.47,0.24
403083,1.04,1.65,0.55
403185,-0.79,-0.12,-0.24
403289,2.62,5.37,0.92
403392,1.95,-2.93,-0.37
403496,0.37,0.37,0.37
403598,0.37,-0.49,0.06
403702,0.43,-0.31,0.00
403804,0.24,-0.24,0.18
403907,0.98,-2.44,-0.24
404011,-0.37,-0.73,0.12
404114,-14.77,-0.73,0.06
404218,1.22,-1.34,-0.06
404321,4.21,9.52,3.11
404425,0.43,-0.49,0.06
404527,0.73,0.31,0.12
404630,0.79,-2.20,-0.37
404732,11.17,-11.96,-2.75
404835,0.49,-0.06,0.18
404937,0.67,-0.24,0.00
405040,0.67,0.31,0.24
405142,0.67,0.49,0.24
405244,0.55,0.00,0.12
405347,0.55,0.18,0.24
405451,0.55,0.12,0.24
405553,0.49,0.00,0.06
405657,0.61,0.00,0.12
405759,0.61,-0.12,0.12
405862,0.55,0.00,0.12
405965,0.61,-0.06,0.12
406068,0.67,0.12,0.18
406170,0.55,0.00,0.12
406273,0.61,0.00,0.12
406376,0.55,0.00,0.18
406478,0.55,-0.12,0.06
406581,0.55,-0.06,-0.06
406683,0.61,-0.06,0.06
406786,0.67,0.37,0.31
406888,0.73,2.56,0.61
406990,1.89,2.69,-0.18
407093,0.98,0.55,0.00
407195,0.85,2.44,0.12
407297,-0.73,0.73,-0.37
407400,1.04,1.10,0.06
407502,0.55,0.00,0.12
407604,0.43,-0.31,0.12
407707,0.55,-0.12,0.12
407809,0.55,-0.06,0.12
407912,0.55,-0.06,0.12
408014,0.55,-0.12,0.12
408116,0.55,-0.12,0.00
408219,0.49,-0.18,0.12
408321,0.31,-0.67,-0.06
408423,0.49,-0.43,0.00
408526,0.55,-0.18,0.12
408628,0.55,-0.12,0.12
408731,0.61,-0.06,0.06
408833,0.55,0.06,0.12
408935,0.55,0.00,0.12
409037,0.49,-0.06,0.12
409140,0.55,-0.06,0.12
409243,0.61,-0.31,0.00
409345,0.55,-0.12,0.12
409447,0.61,-0.06,0.12
409550,0.49,0.00,0.12
409652,0.61,0.00,0.12
409754,0.55,-0.06,0.12
409857,0.55,0.00,0.12
409959,0.55,-0.06,0.06
410061,0.55,0.00,0.18
410163,0.55,0.00,0.18
410265,0.61,0.06,0.12
410368,0.61,0.00,0.12
410470,0.55,-0.06,0.12
410572,0.55,0.00,0.12
410674,0.55,0.00,0.12
410777,0.61,0.00,0.12
410879,0.55,0.00,0.18
410982,0.55,0.06,0.12
411084,0.55,0.00,0.12
411186,0.55,0.00,0.18
411289,0.61,-0.18,0.06
411392,0.61,0.06,0.12
411494,0.55,0.06,0.12
411597,0.98,1.34,0.37
411699,-0.06,-2.14,-0.31
411802,0.43,-18.80,-0.18
411904,0.37,-6.16,0.00
412006,0.06,-3.48,-1.89
412110,4.82,-4.27,-2.56
412212,0.43,-0.85,0.18
412315,4.09,0.06,0.73
412417,0.12,-0.18,0.12
412519,0.12,-0.43,-0.12
412622,-0.31,-0.24,0.00
412725,0.37,-0.24,-0.06
412828,0.61,0.00,0.12
412931,-1.59,-0.37,-0.37
413034,0.31,-0.43,0.06
413136,0.98,-0.18,0.18
413239,0.98,-0.43,0.06
413341,-0.37,-0.18,0.00
413444,2.38,0.06,0.49
413546,0.55,0.06,0.18
413649,-0.43,-0.61,-0.12
413751,1.34,-0.24,0.06
413854,-0.12,-0.12,-0.06
413957,0.55,-0.24,0.06
414059,0.55,-0.06,0.12
414161,0.79,-0.73,-0.06
414264,0.61,-0.12,0.06
414366,0.67,-0.06,0.18
414469,1.16,-0.24,-0.12
414572,-0.06,-3.17,2.44
414674,0.67,-0.06,0.24
414777,0.49,-0.12,0.06
414879,0.37,-0.06,0.12
414982,0.85,-0.37,0.06
415084,0.73,-0.31,0.06
415186,0.98,-0.06,0.12
415289,0.00,-1.16,1.04
415392,0.49,0.00,0.12
415495,0.43,-0.12,0.12
415598,0.61,-0.18,0.00
415700,0.55,-0.12,0.06
415803,0.61,-0.06,0.12
415905,1.04,-0.73,-0.31
416008,1.04,0.43,-0.18
416110,0.67,-0.31,0.06
416213,0.31,-0.31,0.55
416315,0.43,0.18,0.37
416418,0.06,0.98,1.10
416520,0.49,-0.06,0.24
416623,0.61,-0.06,0.18
416725,0.61,-0.06,0.18
416828,0.61,-0.06,0.12
416930,0.61,0.00,0.18
417032,0.61,0.12,0.18
417135,0.55,0.00,0.18
417237,0.67,0.00,0.18
417340,0.61,-0.06,0.12
417442,0.61,0.06,0.18
417545,0.55,-0.24,0.12
417647,0.55,-15.63,0.18
417750,0.55,-0.06,0.12
417852,0.49,0.00,0.12
417955,0.61,-0.06,0.12
418059,0.67,-0.06,0.18
418161,0.55,-0.06,0.18
418265,0.55,-0.06,0.12
418367,0.55,0.00,0.12
418470,0.61,-0.06,0.06
418572,0.55,0.00,0.12
418674,0.55,-0.06,0.12
418777,0.55,-0.06,0.18
418879,0.61,0.00,0.12
418982,0.55,-0.06,0.12
419085,0.61,0.00,0.18
419188,0.55,-0.06,0.18
419291,0.61,0.00,0.12
419393,0.55,0.00,0.12
419496,0.55,-0.06,0.12
419598,0.55,0.00,0.12
419702,0.55,-0.06,0.12
419805,0.61,0.00,0.12
419907,0.61,-0.06,0.06
420010,0.49,0.00,0.24
420113,1.22,-0.31,12.70
420215,0.00,0.43,2.20
420318,0.37,0.24,1.04
420421,0.73,-0.18,0.06
420524,0.37,0.73,0.49
420627,0.73,-0.37,-0.18
420730,0.43,-0.06,0.06
420832,0.55,-0.06,0.18
420935,0.31,-0.06,0.43
421037,0.92,-0.92,-0.31
421140,0.55,-0.12,0.12
421242,0.55,0.00,0.12
421345,0.49,0.12,0.24
421447,0.55,-0.06,0.12
421550,0.61,-0.31,0.00
421652,0.55,0.00,0.12
421754,0.55,0.00,0.12
421857,0.55,0.00,0.24
421959,0.55,0.00,0.12
422061,0.61,-0.06,0.06
422164,0.49,0.06,0.18
422266,0.49,-0.06,0.18
422370,0.55,-0.12,0.06
422472,0.61,-0.06,0.12
422575,0.61,-0.06,0.12
422677,0.55,0.00,0.18
422779,0.73,-1.28,-1.46
422882,-2.62,8.79,2.38
422984,-6.71,7.26,-1.53
423087,-4.76,7.69,-3.30
423189,0.43,0.92,0.31
423291,0.43,-0.06,0.06
423393,-0.61,1.10,-2.26
423496,0.98,1.71,-5.49
423598,0.61,0.37,0.24
423701,0.61,0.06,0.18
423803,0.55,-0.12,0.12
423906,0.55,0.00,0.12
424008,0.06,-0.18,-2.01
424110,0.61,-0.12,-0.49
424213,0.43,-0.24,0.06
424315,0.55,0.00,0.06
424417,0.61,0.06,0.12
424520,0.55,0.00,0.06
424622,0.55,-0.06,0.12
424724,0.49,0.00,0.12
424827,0.55,-0.12,0.12
424929,0.49,-0.12,0.06
425031,0.55,-0.06,0.12
425134,0.61,0.12,0.12
425237,0.61,0.12,0.12
425339,-0.06,15.50,-1.77
425443,0.67,0.73,-0.18
425545,0.37,-0.31,-1.34
425647,0.49,-0.37,0.00
425750,0.55,-0.24,0.06
425852,0.55,0.00,0.12
425955,0.55,-0.24,-0.79
426057,0.55,0.06,0.18
426159,0.61,0.12,0.12
426262,0.55,0.00,0.12
426364,0.61,0.06,0.18
426466,0.49,-0.12,0.06
426568,0.55,0.06,0.12
426671,0.67,0.24,0.18
426773,0.61,0.12,0.18
426875,0.85,0.49,0.24
426977,0.43,-0.49,0.00
427080,0.55,0.06,0.18
427182,0.61,-0.06,0.06
427285,0.61,0.12,0.12
427387,0.61,0.06,0.12
427490,0.55,0.12,0.12
427592,0.61,0.06,0.12
427695,0.55,0.06,0.12
427797,0.73,0.18,0.18
427899,0.67,0.18,0.12
428002,0.92,0.85,0.24
428104,1.28,1.46,0.49
428206,0.43,-0.18,0.24
428308,0.43,-0.79,-0.06
428411,8.61,-7.93,-3.85
428513,-10.25,-1.77,28.63
428616,-1.04,11.84,1.59
428718,4.09,-2.20,-0.18
428820,0.31,-0.85,-0.18
428923,0.67,-0.06,0.12
429025,-0.24,-6.47,0.61
429127,2.14,-3.91,0.49
429230,1.40,-5.49,0.18
429332,0.18,-0.24,-0.06
429434,0.49,3.54,0.37
429537,-0.85,6.90,0.43
429639,0.67,1.65,0.24
429741,1.04,1.46,0.24
429843,2.50,2.87,-0.18
429947,0.98,-0.31,0.00
430049,0.67,0.12,0.00
430151,0.79,0.06,0.18
430254,0.73,-0.31,0.06
430357,0.55,-0.24,0.12
430459,0.85,0.12,0.06
430561,0.55,0.00,0.12
430664,0.61,0.12,0.12
430766,0.55,0.00,0.06
430868,0.67,-0.12,0.06
430971,0.61,0.12,0.18
431073,0.55,0.00,0.12
431176,0.61,0.00,0.12
431278,0.49,-0.06,0.12
431381,0.49,0.06,0.18
431484,0.55,0.06,0.12
431586,1.46,0.49,0.24
431688,1.16,-0.31,0.12
431790,-1.16,-0.55,-0.06
431893,-0.06,-0.79,-0.43
431995,0.49,0.31,0.31
432098,0.37,-0.18,0.12
432200,-0.43,0.18,0.12
432302,0.31,0.06,0.12
432404,0.61,-0.18,0.12
432507,0.49,0.06,0.18
432609,0.67,0.18,0.24
432711,0.55,-0.06,0.12
432813,0.61,0.00,0.12
432916,0.67,-0.12,0.12
433018,0.43,0.00,0.06
433120,0.55,-0.12,0.06
433222,0.73,0.06,0.24
433325,0.43,0.06,0.06
433428,0.61,-0.24,0.06
433530,0.55,0.00,0.00
433632,0.61,0.00,0.00
433734,0.55,-0.24,-1.04
433837,-0.37,-0.55,0.31
433939,0.79,-0.18,0.37
434041,0.49,0.43,0.67
434144,0.73,-0.06,0.37
434246,0.79,-0.12,0.67
434348,0.49,0.00,-0.12
434451,-0.06,-0.61,0.00
434553,0.67,0.12,0.24
434655,0.55,0.06,0.12
434758,0.43,-0.06,0.12
434860,0.73,0.12,0.24
434962,0.31,-0.24,-0.06
435064,0.43,-0.12,0.18
435167,1.22,-0.06,0.31
435269,-0.24,-0.24,-0.06
435371,1.59,2.01,0.31
435474,1.28,0.55,0.49
435576,0.73,-1.77,-0.24
435678,0.24,9.83,0.12
435780,-2.81,4.58,2.20
435882,0.55,0.00,0.12
435985,0.98,0.67,0.06
436087,0.49,0.06,0.31
436189,-0.18,-4.27,-0.92
436293,1.16,1.22,0.24
436395,-0.06,-0.92,-1.40
436497,0.79,-0.92,0.12
436599,0.43,0.37,-0.24
436702,1.46,-1.22,0.06
436805,-0.18,-1.04,0.92
436907,0.55,-0.67,-0.67
437010,8.97,-4.21,-0.24
437112,-0.67,-3.66,0.24
437215,0.55,0.43,-0.06
437317,0.55,0.37,0.37
437420,0.06,-0.24,0.00
437523,-0.49,0.85,-0.43
437626,-2.01,-2.87,0.18
437729,0.24,0.43,0.67
437831,0.73,0.43,0.00
437934,0.43,0.12,0.24
438036,1.59,1.95,0.24
438139,0.61,0.61,0.12
438241,0.92,1.22,0.12
438344,0.18,-1.34,-0.18
438446,0.55,-0.67,-0.06
438549,1.16,-0.12,0.37
438651,-1.89,-12.08,-2.87
438753,0.43,-0.79,0.06
438856,0.24,-2.81,0.06
438959,-0.24,-1.95,0.00
439061,1.04,-1.53,0.67
439163,0.00,-5.31,-3.36
439265,1.10,-1.22,-0.98
439368,0.00,-1.22,-0.49
439470,1.34,-1.53,-1.95
439572,4.39,-5.68,-0.37
439675,0.24,1.46,0.61
439777,1.04,2.44,0.49
439880,0.73,1.59,0.24
439982,0.00,0.61,0.24
440084,0.92,0.24,1.59
440187,1.83,0.06,0.79
440289,0.67,0.61,0.06
440391,0.79,-0.12,0.49
440493,1.28,0.00,0.31
440596,0.79,-4.27,0.37
440698,1.65,-2.08,0.61
440800,1.46,0.06,-0.73
440902,0.55,-0.18,0.00
441005,0.67,-0.24,0.18
441107,0.67,-0.24,-0.12
441209,0.55,-0.18,0.12
441312,0.61,-0.12,0.00
441414,0.55,-0.37,-0.12
441516,0.61,-0.31,0.12
441619,0.49,-0.37,0.06
441721,0.92,-1.04,-0.37
441823,0.49,0.24,0.37
441926,0.85,1.46,0.24
442029,0.55,-0.06,0.06
442131,0.55,0.06,0.18
442233,0.49,0.06,0.12
442335,0.61,-0.12,0.12
442438,0.49,0.18,0.12
442540,0.43,-0.73,0.12
442642,0.61,-0.06,0.12
442745,0.55,-0.06,0.06
442848,0.55,-0.12,0.12
442950,0.49,-0.37,-0.37
443052,0.55,-0.06,0.12
443155,0.49,-0.12,0.18
443258,0.61,0.06,0.06
443360,0.61,-0.06,0.12
443462,0.61,-0.12,0.18
443565,0.61,-0.12,0.00
443667,0.55,0.00,0.06
443770,0.61,-0.06,0.12
443873,0.55,0.00,0.06
443975,0.61,0.00,0.18
444077,0.61,0.00,0.18
444180,0.61,0.00,0.12
444282,0.49,0.06,0.18
444384,0.55,-0.06,0.06
444487,0.61,0.00,0.12
444589,0.55,0.00,0.12
444692,0.61,-0.06,0.06
444795,0.55,0.00,0.12
444897,0.55,0.00,0.12
445000,0.49,0.00,0.12
445102,0.61,-0.06,0.06
445204,0.55,0.00,0.12
445307,0.61,0.00,0.06
445409,0.61,-0.06,0.06
445512,0.55,0.00,0.12
445614,0.49,0.00,0.18
445717,0.67,0.00,0.00
445820,0.43,0.06,0.24
445923,0.55,0.00,0.12
446025,0.55,0.00,0.18
446127,0.55,0.00,0.12
446229,0.61,0.06,0.12
446331,0.43,0.06,0.24
446434,0.55,-0.06,0.12
446536,0.61,0.00,0.06
446638,0.55,-0.12,0.12
446740,0.61,-0.24,0.00
446843,0.55,-0.06,0.12
446945,0.67,0.12,0.06
447047,0.49,-0.06,0.18
447150,0.49,0.00,0.18
447252,0.61,0.00,0.06
447354,0.55,-0.06,0.18
447456,0.67,0.00,0.00
447559,0.37,-0.55,0.12
447661,0.73,0.06,-0.06
447763,0.61,0.06,0.12
447865,0.55,-0.12,0.12
447968,0.55,0.00,0.12
448070,0.49,-0.06,0.12
448173,0.43,0.06,0.12
448276,0.61,-0.06,0.31
448379,0.79,-1.28,0.12
448481,0.49,-0.18,0.12
448583,0.67,-0.06,0.12
448686,0.55,-0.37,0.06
448788,0.49,-0.18,0.18
448891,0.55,0.24,0.12
448993,0.61,-0.06,0.06
449095,0.61,0.00,0.06
449197,0.55,0.06,0.12
449299,0.67,0.18,0.12
449402,0.61,-0.06,0.18
449505,0.49,0.18,0.12
449607,0.55,-0.06,0.06
449709,0.55,-0.12,0.12
449812,0.61,0.00,0.06
449915,0.67,0.12,0.12
450017,0.49,-0.12,0.12
450119,0.55,0.00,0.12
450222,0.49,-0.12,0.12
450325,0.55,-0.12,0.12
450427,0.55,0.00,0.12
450530,0.55,0.06,0.06
450632,0.55,0.00,0.12
450734,0.43,-0.31,0.18
450837,-0.43,-3.54,0.55
450939,0.49,-0.37,0.18
451041,0.49,0.00,0.18
451143,0.92,0.31,-0.12
451246,0.37,-0.79,0.18
451348,0.49,-0.18,0.12
451450,0.61,0.12,0.12
451553,0.73,-0.06,0.00
451655,0.61,-0.06,0.12
451758,0.55,-0.06,0.12
451861,0.61,0.00,0.12
451963,0.55,-0.06,0.12
452066,0.55,-0.06,0.12
452169,0.55,0.06,0.12
452271,0.55,0.00,0.12
452373,0.55,0.00,0.12
452475,0.55,-0.06,0.12
452578,0.55,0.00,0.12
452680,0.55,0.00,0.12
452782,0.55,0.00,0.12
452885,0.55,0.00,0.12
452988,0.55,0.00,0.12
453090,0.55,0.00,0.12
453193,0.55,0.00,0.12
453296,0.55,0.00,0.12
453398,0.55,0.00,0.18
453501,0.55,0.00,0.12
453603,0.55,0.00,0.12
453705,0.55,0.00,0.12
453807,0.55,0.00,0.12
453910,0.55,0.06,0.12
454012,0.55,0.00,0.12
454114,0.55,0.00,0.12
454216,0.55,0.00,0.12
454318,0.55,0.00,0.12
454420,0.55,0.00,0.12
454523,0.55,0.06,0.12
454625,0.61,-0.06,0.12
454728,0.55,0.00,0.12
454830,0.55,0.00,0.12
454932,0.61,-0.06,0.12
455035,0.61,0.00,0.12
455138,0.55,-0.06,0.18
455241,0.61,0.00,0.12
455344,0.61,-0.12,0.06
455446,0.61,-0.06,0.00
455548,0.55,-0.06,0.12
455651,0.61,0.00,0.12
455753,0.55,0.06,0.12
455855,0.55,0.00,0.12
455959,0.61,-0.06,0.12
456062,0.55,0.00,0.12
456164,0.55,0.00,0.12
456266,0.55,0.00,0.12
456369,0.55,0.00,0.18
456471,0.55,0.00,0.12
456575,0.55,0.00,0.12
456678,0.55,0.00,0.12
456781,0.55,-0.06,0.12
456884,0.49,0.00,0.12
456986,0.61,0.00,0.12
457090,0.55,0.00,0.12
457192,0.55,0.00,0.06
457296,0.61,0.00,0.12
457398,0.55,0.00,0.12
457500,0.55,0.00,0.12
457603,0.55,0.00,0.12
457705,0.55,0.00,0.12
457807,0.55,0.00,0.12
457911,0.55,0.00,0.12
458013,0.55,0.00,0.12
458116,0.49,0.00,0.12
458219,0.55,0.00,0.12
458322,0.55,0.00,0.12
458425,0.61,-0.06,0.12
458527,0.61,0.06,0.12
458629,0.55,0.00,0.18
458732,0.49,0.00,0.12
458834,0.61,-0.06,0.06
458937,0.55,0.00,0.12
459039,0.55,0.00,0.18
459141,0.55,-0.06,0.12
459244,0.55,0.00,0.12
459346,0.55,0.00,0.12
459449,0.61,0.00,0.18
459551,0.55,0.00,0.12
459653,0.55,0.00,0.12
459756,0.55,0.00,0.12
459860,0.55,0.00,0.12
459963,0.55,0.00,0.12
460065,0.61,-0.06,0.12
460168,0.49,0.00,0.12
460270,0.55,0.00,0.12
460373,0.55,0.00,0.12
460475,0.61,0.00,0.12
460577,0.55,0.00,0.12
460680,0.55,0.00,0.12
460782,0.24,-0.67,0.24
460884,0.79,-0.18,0.12
460987,0.55,0.00,0.12
461089,0.67,-0.18,0.00
461191,1.04,-1.83,-0.73
461293,1.65,4.82,0.37
461395,0.79,-0.18,-0.18
461498,0.55,-0.12,0.12
461600,0.55,0.06,0.12
461702,0.73,0.06,0.31
461804,0.67,0.00,0.06
461907,0.61,0.31,0.18
462009,0.43,-0.55,0.06
462112,0.61,-0.49,-0.18
462214,0.37,0.18,0.43
462316,0.55,0.00,0.06
462418,0.55,-0.06,0.18
462521,0.61,0.00,0.12
462623,0.55,0.00,0.12
462726,0.55,0.00,0.12
462828,0.61,-0.06,0.06
462930,0.55,0.00,0.12
463032,0.61,0.00,0.12
463135,0.55,0.00,0.12
463237,0.55,0.00,0.12
463340,0.55,0.00,0.06
463442,0.61,0.00,0.12
463544,0.55,0.00,0.12
463646,0.55,0.00,0.06
463749,0.55,0.00,0.12
463851,0.55,0.00,0.12
463953,0.55,0.00,0.12
464055,0.61,0.00,0.18
464158,0.55,0.00,0.12
464260,0.61,0.00,0.12
464363,0.55,0.00,0.12
464465,0.61,0.00,0.12
464568,0.55,0.00,0.12
464670,0.61,-0.06,0.12
464772,0.61,0.00,0.12
464875,0.61,-0.06,0.06
464978,0.55,0.00,0.18
465080,0.55,0.00,0.12
465182,0.67,-0.18,0.00
465285,0.43,-0.06,0.18
465387,0.61,-0.12,0.00
465489,0.49,-0.06,0.06
465591,0.55,0.00,0.12
465694,0.55,0.06,0.12
465796,0.55,-0.06,0.06
465898,0.55,0.00,0.12
466001,0.55,0.00,0.18
466103,0.55,-0.06,0.12
466206,0.55,0.00,0.12
466309,0.49,0.06,0.12
466411,0.55,0.00,0.06
466513,0.55,-0.06,0.12
466616,0.55,0.00,0.12
466718,0.55,0.00,0.12
466820,0.61,0.00,0.12
466922,0.55,0.00,0.06
467024,0.55,0.00,0.06
467127,0.61,-0.06,0.12
467229,0.61,-0.06,0.12
467331,0.49,0.00,0.12
467433,0.49,0.00,0.00
467536,0.55,0.00,0.12
467638,0.55,0.00,0.12
467740,0.49,0.06,0.12
467842,0.55,0.00,0.12
467945,0.55,0.00,0.12
468047,0.55,0.00,0.12
468149,0.55,0.00,0.12
468252,0.55,0.00,0.12
468354,0.61,0.00,0.12
468456,0.55,0.00,0.12
468558,0.61,0.00,0.12
468661,0.49,0.06,0.12
468763,0.55,0.00,0.12
468865,0.55,0.00,0.12
468968,0.55,0.00,0.18
469070,0.55,0.00,0.12
469172,0.61,-0.06,0.12
469274,0.61,0.00,0.12
469377,0.61,0.00,0.12
469480,0.61,0.00,0.18
469582,0.55,0.00,0.12
469684,0.55,0.00,0.06
469787,0.55,0.00,0.12
469889,0.61,0.00,0.12
469992,0.55,0.00,0.12
470095,0.55,0.00,0.12
470197,0.55,0.00,0.12
470299,0.55,0.00,0.12
470401,0.61,0.00,0.12
470504,0.55,0.00,0.12
470606,0.61,0.00,0.12
470709,0.55,0.00,0.12
470811,0.55,0.00,0.12
470914,0.55,0.00,0.12
471016,0.55,0.00,0.12
471119,0.55,0.00,0.12
471221,0.61,0.00,0.12
471323,0.55,0.00,0.12
471426,0.55,0.00,0.12
471528,0.55,0.00,0.12
471631,0.55,0.00,0.18
471733,0.55,0.00,0.12
471836,0.55,0.00,0.12
471938,0.55,0.00,0.12
472040,0.55,0.00,0.12
472142,0.55,0.00,0.12
472245,0.55,0.06,0.18
472348,0.49,-0.06,0.06
472450,0.55,-0.06,0.06
472552,0.55,0.00,0.12
472654,0.61,0.00,0.12
472756,0.55,0.06,0.12
472859,0.55,-0.06,0.06
472961,0.55,0.00,0.12
473064,0.61,0.00,0.12
473166,0.61,0.00,0.12
473268,0.61,0.00,0.12
473371,0.55,0.00,0.12
473473,0.55,0.00,0.12
473576,0.55,0.00,0.12
473679,0.49,0.00,0.12
473781,0.55,-0.06,0.12
473883,0.55,0.00,0.12
473986,0.55,0.00,0.12
474088,0.55,0.00,0.12
474191,0.55,0.00,0.12
474293,0.55,0.00,0.12
474395,0.55,0.00,0.12
474497,0.55,0.00,0.06
474599,0.55,0.00,0.12
474702,0.55,0.00,0.12
474805,0.55,0.00,0.12
474908,0.61,0.43,0.85
475011,0.55,0.00,0.06
475115,1.28,1.10,1.34
475218,1.16,-0.18,0.49
475320,0.43,0.00,0.18
475424,-0.06,0.00,0.31
475527,0.43,0.00,0.12
475629,0.55,0.00,0.12
475732,0.61,0.00,0.12
475834,0.61,0.00,0.12
475938,0.55,0.00,0.12
476040,0.67,-0.06,0.18
476144,0.61,0.00,0.12
476246,0.67,-0.06,0.12
476349,0.55,0.00,0.12
476451,0.55,0.00,0.12
476553,0.55,-0.06,0.06
476656,0.67,0.00,0.12
476758,0.61,0.00,0.12
476860,0.49,0.00,0.06
476963,0.49,0.00,0.12
477065,0.49,0.06,0.12
477168,0.55,0.00,0.12
477270,0.55,0.00,0.12
477372,0.49,0.00,0.12
477475,0.55,0.00,0.12
477577,0.55,0.00,0.06
477679,0.55,0.00,0.12
477782,0.61,0.00,0.12
477884,0.55,0.00,0.12
477987,0.55,0.00,0.12
478090,0.55,0.00,0.12
478192,0.55,0.00,0.06
478296,0.55,0.00,0.12
478398,0.55,0.00,0.12
478501,0.55,0.00,0.12
478603,0.55,0.00,0.12
478705,0.49,0.00,0.12
478807,0.55,0.00,0.12
478910,0.61,0.00,0.12
479012,0.55,0.00,0.12
479114,0.55,0.00,0.12
479216,0.61,0.00,0.12
479319,0.55,0.00,0.12
479421,0.55,0.00,0.12
479523,0.61,-0.06,0.18
479626,0.61,0.00,0.12
479728,0.67,0.00,0.18
479830,0.55,0.00,0.12
479932,0.55,0.00,0.18
480037,0.55,0.00,0.12
480139,0.55,0.00,0.18
480241,0.61,0.00,0.12
480343,0.55,0.00,0.12
480445,0.61,-0.06,0.12
480548,0.55,0.00,0.12
480650,0.55,0.00,0.12
480752,0.55,0.00,0.12
480854,0.61,0.00,0.12
480956,0.55,0.00,0.06
481059,0.55,0.00,0.12
481162,0.49,0.00,0.12
481264,0.37,0.00,0.00
481367,0.55,0.00,0.06
481469,0.61,0.00,0.12
481571,0.31,0.00,0.12
481673,0.49,0.00,0.12
481775,0.61,0.00,0.12
481878,0.55,0.00,0.12
481980,0.55,-0.06,0.12
482082,0.55,0.00,0.12
482185,0.43,0.00,0.06
482287,0.85,-0.06,-0.12
482389,0.61,-0.06,0.12
482491,0.61,0.00,0.12
482594,0.73,0.00,0.12
482696,0.79,-0.31,-0.06
482798,0.61,0.00,0.12
482901,0.61,0.00,0.12
483003,0.55,-0.06,0.12
483106,0.55,0.06,0.18
483208,0.55,0.00,0.12
483310,0.55,0.00,0.12
483412,0.55,0.00,0.12
483515,0.67,-0.06,0.12
483617,0.67,0.00,0.06
483719,0.55,0.00,0.06
483821,0.49,0.00,0.06
483924,0.73,-2.08,-1.10
484027,0.49,0.00,0.31
484129,-0.49,-11.96,2.38
484231,0.61,-1.34,0.61
484333,0.55,0.31,2.69
484436,0.67,0.67,2.32
484538,1.22,1.65,-0.55
484640,0.61,-0.06,0.12
484742,0.61,0.18,0.12
484845,0.61,0.00,0.18
484947,0.61,0.00,0.12
485049,0.67,0.00,0.18
485151,0.55,0.00,0.12
485253,0.61,0.00,0.12
485356,0.55,0.00,0.18
485458,0.55,0.00,0.12
485560,0.61,0.00,0.12
485662,0.55,0.00,0.12
485765,0.55,0.00,0.12
485867,0.55,-0.06,0.12
485970,0.49,0.00,0.12
486072,0.49,0.00,0.12
486175,0.55,0.00,0.06
486277,0.61,0.00,0.06
486379,0.55,0.00,0.12
486481,0.55,0.00,0.12
486584,0.61,0.00,0.12
486686,0.61,-0.06,0.12
486790,0.55,0.00,0.12
486892,0.55,0.00,0.12
486995,0.61,0.00,0.18
487098,0.55,0.00,0.12
487200,0.49,0.00,0.18
487303,0.55,0.00,0.12
487405,0.55,0.00,0.12
487508,0.55,0.00,0.12
487610,0.61,0.00,0.06
487712,0.55,-0.06,0.12
487815,0.55,0.00,0.06
487917,0.61,0.00,0.12
488020,0.55,-0.06,0.12
488125,0.55,0.00,0.12
488228,0.55,0.00,0.12
488332,0.55,0.00,0.12
488434,0.55,0.00,0.12
488537,0.55,0.00,0.12
488640,0.55,0.00,0.06
488744,0.55,0.00,0.12
488846,0.61,0.00,0.12
488948,0.61,0.00,0.12
489051,0.55,0.00,0.12
489154,0.55,0.00,0.12
489256,0.55,0.00,0.12
489359,0.55,0.00,0.12
489461,0.55,0.00,0.12
489564,0.49,0.00,0.12
489666,0.49,-0.06,0.12
489770,0.55,-0.06,0.12
489874,0.55,0.06,0.12
489976,0.55,0.00,0.12
490078,0.55,-0.06,0.12
490181,0.55,0.00,0.12
490285,0.55,0.00,0.06
490389,0.49,0.00,0.12
490492,0.61,0.00,0.06
490594,0.55,0.00,0.12
490697,0.55,0.00,0.12
490799,0.61,0.06,0.12
490901,0.55,0.00,0.12
491003,0.55,0.00,0.12
491106,0.55,0.00,0.12
491208,0.61,0.00,0.06
491311,0.55,0.00,0.12
491413,0.73,-0.12,0.12
491515,0.55,-0.06,0.18
491618,0.43,0.00,0.00
491721,0.55,0.00,0.24
491823,0.49,-0.06,0.12
491925,0.55,0.00,0.06
492027,0.43,0.00,-0.06
492130,0.67,-0.06,0.12
492232,0.55,0.00,0.06
492335,0.61,0.00,0.06
492437,0.61,-0.12,0.12
492540,0.43,-0.06,0.06
492643,0.67,0.06,0.18
492746,0.31,0.06,0.12
492848,0.55,0.00,0.12
492951,0.55,0.00,0.12
493053,0.49,0.06,0.24
493155,0.61,0.00,0.12
493257,0.55,-0.06,0.12
493360,0.49,0.00,0.06
493462,0.61,0.00,0.12
493564,0.61,0.00,0.12
493667,0.43,0.12,0.12
493769,0.67,-0.06,0.12
493871,0.43,-0.06,0.12
493973,0.55,0.00,0.12
494076,0.55,-0.06,0.12
494178,0.49,0.00,0.12
494281,0.55,0.00,0.12
494383,0.67,0.00,0.06
494485,0.61,-0.06,0.12
494588,0.55,0.00,0.12
494690,0.55,0.00,0.12
494793,0.55,0.00,0.12
494896,0.55,0.00,0.12
494998,0.61,0.00,0.12
495101,0.55,0.00,0.12
495203,0.55,0.00,0.06
495306,0.55,0.00,0.12
495409,0.55,-0.06,0.12
495512,0.55,0.00,0.06
495614,0.55,-0.06,0.12
495716,0.55,0.00,0.12
495819,0.55,0.00,0.12
495921,0.55,0.00,0.12
496025,0.55,-0.06,0.06
496128,0.61,0.00,0.12
496231,0.61,-0.06,0.06
496333,0.55,0.00,0.06
496436,0.55,0.00,0.18
496539,0.55,0.00,0.06
496641,0.55,0.00,0.12
496744,0.55,0.00,0.18
496847,0.55,0.06,0.06
496949,0.55,0.00,0.06
497051,0.55,0.00,0.12
497153,0.55,0.00,0.18
497255,0.49,0.06,0.12
497358,0.49,0.06,0.06
497460,0.55,0.00,0.06
497562,0.61,0.00,0.18
497664,0.61,0.06,0.12
497767,0.55,0.06,0.12
497869,0.55,0.00,0.12
497971,0.55,0.00,0.12
498073,0.55,-0.06,0.06
498176,0.55,0.00,0.12
498279,0.61,-0.18,0.06
498382,0.55,-0.06,0.12
498484,0.61,0.00,0.12
498587,0.49,0.00,0.12
498689,0.61,0.00,0.12
498792,0.55,0.00,0.12
498894,0.61,0.00,0.12
498997,0.55,0.00,0.12
499099,0.55,0.00,0.12
499201,0.49,0.06,0.06
499304,0.61,0.00,0.12
499406,0.49,0.06,0.06
499508,0.55,0.06,0.12
499611,0.55,0.06,0.12
499713,0.49,0.06,0.12
499815,0.55,0.00,0.12
499917,0.61,0.00,0.12
500020,0.55,0.00,0.06
500122,0.55,0.00,0.12
500224,0.55,-0.06,0.12
500327,0.55,0.00,0.06
500429,0.55,-0.06,0.12
500532,0.55,0.00,0.12
500634,0.55,0.00,0.12
500737,0.55,0.00,0.12
500841,0.61,-0.06,0.12
500943,0.55,0.06,0.06
501047,0.49,0.00,0.12
501149,0.61,-0.06,0.12
501252,0.55,0.00,0.12
501354,0.55,0.00,0.18
501456,0.55,0.00,0.12
501559,0.55,0.00,0.06
501662,0.55,0.00,0.06
501764,0.55,0.00,0.18
501867,0.61,0.00,0.12
501969,0.55,-0.06,0.12
502073,0.61,0.00,0.12
502176,0.55,0.00,0.12
502278,0.55,0.00,0.06
502382,0.55,0.06,0.12
502484,0.55,0.00,0.12
502587,0.55,0.00,0.12
502690,0.55,0.00,0.18
502792,0.61,0.00,0.12
502895,0.55,0.00,0.12
502997,0.55,0.00,0.12
503099,0.55,0.00,0.12
503202,0.55,0.00,0.12
503304,0.61,0.00,0.12
503406,0.61,0.00,0.06
503508,0.55,0.00,0.12
503610,0.55,0.00,0.12
503713,0.55,0.00,0.18
503815,0.55,0.00,0.12
503917,0.55,0.00,0.12
504019,0.55,0.00,0.12
504122,0.61,0.00,0.12
504224,0.55,0.00,0.12
504326,0.61,0.00,0.12
504428,0.55,0.00,0.12
504531,0.55,0.00,0.12
504633,0.55,0.00,0.06
504735,0.55,0.00,0.12
504838,0.49,0.00,0.12
504940,0.55,0.00,0.12
505042,0.55,0.00,0.06
505145,0.55,0.00,0.12
505247,0.55,-0.06,0.12
505349,0.61,0.00,0.18
505452,0.61,0.00,0.18
505554,0.49,0.00,0.24
505657,0.55,0.06,0.18
505759,0.55,0.00,0.12
505862,0.55,0.00,0.12
505964,0.55,0.00,0.12
506066,0.49,-0.06,0.06
506169,0.55,0.00,0.06
506272,0.55,0.00,0.00
506375,0.55,0.00,0.06
506478,0.55,0.00,0.12
506580,0.61,0.00,0.12
506683,0.55,-0.06,0.12
506786,0.61,0.00,0.24
506888,0.61,0.00,0.18
506990,0.61,0.00,0.06
507093,0.49,0.06,0.06
507196,0.61,0.12,0.12
507299,0.49,0.06,0.00
507401,0.61,-0.06,0.18
507505,0.55,0.00,0.18
507608,0.55,0.00,0.12
507711,0.49,0.00,0.12
507813,0.49,0.00,0.24
507915,0.55,0.00,0.12
508019,0.55,0.06,0.18
508121,0.92,-0.31,0.18
508223,0.55,0.00,0.12
508326,0.55,0.00,0.06
508428,0.55,0.00,0.12
508531,0.61,0.00,0.12
508633,0.55,0.00,0.06
508735,0.61,0.00,0.00
508837,0.61,0.00,0.06
508940,0.55,0.00,0.12
509042,0.55,-0.06,0.06
509145,0.55,0.00,0.12
509248,0.55,0.00,0.12
509350,0.61,0.00,0.12
509454,0.55,0.00,0.12
509556,0.55,0.00,0.12
509659,0.55,0.06,0.12
509761,0.55,0.00,0.06
509863,0.55,-0.06,0.12
509966,0.49,0.00,0.12
510069,0.55,-0.06,0.18
510171,0.55,0.00,0.18
510274,0.31,0.12,0.06
510377,0.43,0.12,0.00
510479,0.55,0.00,0.12
510582,0.55,0.00,0.12
510684,0.55,0.00,0.18
510787,0.55,0.00,0.12
510890,0.55,0.00,0.12
510994,0.55,0.00,0.12
511097,0.61,0.00,0.12
511199,0.55,0.00,0.12
511301,0.49,0.00,0.06
511404,0.55,0.00,0.12
511507,0.49,0.00,0.12
511610,0.55,-0.06,0.12
511712,0.61,0.00,0.06
511815,0.55,0.00,0.12
511917,0.55,0.00,0.12
512020,0.61,0.00,0.18
512123,0.61,0.00,0.12
512225,0.06,-0.06,-0.06
512327,0.49,0.00,0.12
512430,0.55,0.00,0.12
512532,0.61,0.00,0.06
512635,0.61,0.00,0.12
512737,0.55,0.00,0.12
512840,0.73,0.00,0.18
512943,0.55,0.00,0.18
513045,0.55,0.00,0.12
513147,0.61,0.00,0.06
513249,0.55,0.00,0.18
513352,0.55,0.06,0.12
513454,0.55,0.00,0.12
513556,0.55,0.00,0.12
513658,0.61,0.00,0.12
513761,0.55,0.00,0.12
513863,0.55,0.00,0.06
513966,0.55,0.00,0.12
514068,0.55,0.00,0.12
514170,0.61,0.00,0.12
514272,0.61,0.00,0.12
514375,0.55,0.00,0.12
514478,0.55,0.00,0.12
514580,0.55,0.00,0.12
514683,0.55,0.00,0.12
514786,0.55,0.00,0.12
514888,0.55,0.00,0.12
514990,0.61,0.00,0.12
515092,0.55,-0.24,0.06
515194,0.55,-0.06,0.06
515297,0.55,0.00,0.06
515399,0.55,0.00,0.12
515501,0.55,0.00,0.18
515604,0.55,0.00,0.12
515706,0.55,0.00,0.12
515808,0.55,0.06,0.12
515910,0.61,0.00,0.12
516013,0.55,0.00,0.12
516115,0.49,0.00,0.12
516217,0.55,0.06,0.12
516320,0.55,-0.06,0.12
516422,0.55,0.00,0.12
516525,0.55,0.06,0.18
516628,0.61,0.00,0.18
516731,0.55,0.00,0.12
516834,0.55,-0.06,0.18
516937,0.55,0.00,0.12
517039,0.55,-0.06,0.12
517142,0.55,0.06,0.18
517244,0.55,0.00,0.12
517347,0.55,0.00,0.12
517449,0.55,0.00,0.18
517552,0.55,0.00,0.12
517656,0.55,0.06,0.18
517759,0.55,0.00,0.12
517861,0.55,-0.06,0.12
517964,0.55,0.00,0.18
518066,0.61,0.00,0.06
518170,0.49,0.06,0.06
518272,0.61,0.00,0.18
518376,0.55,0.06,0.12
518479,0.55,0.00,0.12
518582,0.55,0.06,0.06
518684,0.55,0.06,0.06
518788,0.61,-0.06,0.24
518891,0.55,-0.06,0.18
518993,0.55,0.00,0.12
519095,0.55,-0.06,0.12
519198,0.61,0.00,0.18
519300,0.55,-0.06,0.12
519403,0.55,0.00,0.12
519505,0.55,0.00,0.12
519608,0.55,0.00,0.12
519711,0.61,0.06,0.12
519813,0.49,0.00,0.12
519916,0.55,0.00,0.12
520018,0.61,0.00,0.12
520121,0.55,0.00,0.18
520225,0.55,0.00,0.12
520327,0.55,0.00,0.18
520431,0.55,0.00,0.12
520533,0.55,0.00,0.12
520637,0.55,-0.06,0.12
520741,0.55,0.00,0.12
520844,0.55,0.00,0.06
520946,0.55,0.00,0.12
521049,0.55,0.00,0.12
521151,0.61,0.00,0.12
521253,0.55,0.00,0.18
521356,0.55,-0.06,0.18
521458,0.49,0.00,0.12
521562,0.55,0.00,0.06
521664,0.55,0.00,0.06
521767,0.49,-0.06,-0.18
521870,0.49,0.00,0.06
521972,0.55,0.00,0.00
522075,0.55,0.00,0.06
522178,0.55,0.00,0.18
522280,0.55,0.00,0.06
522382,0.55,0.00,0.06
522486,0.55,0.00,0.12
522589,0.55,-0.06,0.12
522692,0.55,0.00,0.12
522795,0.55,0.00,0.12
522897,0.55,0.00,0.06
523001,0.61,-0.06,0.12
523103,0.55,0.00,0.12
523205,0.55,0.00,0.12
523308,0.55,0.00,0.12
523410,0.61,0.00,0.12
523513,0.55,0.00,0.06
523616,0.55,0.00,0.06
523719,0.55,0.00,0.18
523822,0.55,0.00,0.06
523924,0.55,-0.06,0.12
524026,0.55,0.00,0.12
524129,0.61,0.00,0.12
524231,0.49,-0.06,0.12
524335,0.55,-0.06,0.06
524437,0.55,-0.06,0.06
524541,0.55,-0.06,0.06
524644,0.55,0.06,0.12
524747,0.55,0.00,0.12
524850,0.55,0.00,0.12
524953,0.49,0.00,0.12
525056,0.55,0.00,0.12
525158,0.55,0.00,0.12
525261,0.55,0.00,0.12
525363,0.55,0.00,0.12
525466,0.55,-0.06,0.12
525568,0.55,-0.06,0.18
525671,0.61,0.00,0.18
525773,0.55,-0.06,0.12
525876,0.61,0.00,0.12
525978,0.61,-0.06,0.12
526081,0.55,0.00,0.12
526183,0.55,0.00,0.12
526286,0.55,0.00,0.12
526389,0.55,0.00,0.12
526492,0.55,0.00,0.12
526594,0.55,-0.06,0.12
526697,0.61,0.06,0.43
526799,0.49,0.00,0.06
526902,0.55,0.00,0.06
527005,0.55,0.00,0.18
527108,0.55,-0.06,0.12
527210,0.55,0.00,0.06
527313,0.55,0.00,0.12
527415,0.61,0.06,0.06
527519,0.61,-0.06,0.18
527621,0.55,0.00,0.12
527723,0.61,0.00,0.18
527826,0.61,0.06,0.12
527929,0.55,0.06,0.18
528031,0.55,0.00,0.12
528133,0.55,0.00,0.12
528236,0.55,0.00,0.06
528338,0.61,0.00,0.12
528441,0.55,0.00,0.12
528543,0.61,0.00,0.31
528645,0.55,0.06,0.18
528748,0.55,0.06,0.12
528850,0.55,0.06,0.12
528952,0.55,0.00,0.12
529054,0.55,0.00,0.18
529157,0.55,0.00,0.12
529259,0.55,0.00,0.12
529361,0.55,0.00,0.12
529464,0.61,0.00,0.12
529566,0.49,0.00,0.18
529668,0.55,0.06,0.12
529771,0.55,0.00,0.12
529874,0.55,0.00,0.18
529976,0.55,0.00,0.12
530078,0.55,0.00,0.12
530181,0.55,0.00,0.12
530283,0.55,0.00,0.12
530386,0.55,0.00,0.12
530489,0.55,0.00,0.12
530592,0.55,0.00,0.12
530694,0.61,0.00,0.12
530797,0.49,-0.12,0.12
530899,0.61,-0.06,0.18
531002,0.55,0.00,0.12
531104,0.55,0.00,0.06
531206,0.49,0.00,0.12
531308,0.55,0.00,0.12
531411,0.55,0.00,0.12
531513,0.61,0.00,0.12
531615,0.49,0.00,0.12
531718,0.49,0.00,0.12
531820,0.55,0.00,0.12
531922,0.61,0.00,0.12
532024,0.55,0.00,0.12
532126,0.55,0.00,0.12
532229,0.55,0.00,0.12
532331,-0.24,-0.06,-0.24
532434,3.85,-30.76,8.42
532536,2.26,0.92,3.30
532639,0.79,-0.43,11.47
532741,0.12,0.12,2.87
532843,0.43,0.18,0.12
532945,2.44,4.88,5.55
533047,2.08,0.55,9.03
533150,0.61,1.53,1.77
533252,0.49,-0.18,0.12
533354,0.12,-0.24,-0.24
533457,0.24,0.43,0.31
533560,0.24,0.31,0.43
533662,0.37,0.06,0.12
533765,0.55,0.12,0.06
533867,0.55,0.12,0.12
533970,1.53,-0.49,-0.37
534073,-0.12,0.31,0.43
534175,0.24,-2.87,0.24
534277,1.34,-0.12,-0.18
534380,0.61,0.00,0.18
534482,0.00,0.31,0.43
534585,0.61,0.12,0.31
534687,0.61,0.18,0.24
534789,0.61,0.12,0.18
534891,0.61,-0.06,0.12
534994,0.43,0.00,0.12
535096,0.85,0.00,0.06
535199,0.18,0.00,0.12
535301,-0.31,0.12,0.24
535404,0.73,-0.12,0.00
535506,0.61,0.00,0.18
535610,1.77,-0.37,-0.12
535713,0.85,-0.06,0.12
535815,0.43,0.12,0.24
535918,0.12,0.18,0.24
536020,0.24,0.12,0.12
536123,0.31,-0.31,-0.18
536225,0.18,-0.18,-0.24
536328,1.10,0.06,0.06
536431,1.10,-0.18,0.18
536533,0.00,0.12,0.24
536635,0.06,0.06,0.12
536738,0.49,0.12,0.12
536840,0.67,-0.12,-0.12
536943,0.73,-0.18,-0.06
537045,0.73,-0.24,-0.12
537148,0.37,-0.37,-0.24
537251,0.49,-0.06,0.06
537354,0.43,0.12,0.18
537456,1.16,0.00,0.12
537560,0.37,-0.06,0.12
537662,0.31,-0.18,0.00
537765,-0.24,-0.55,-0.85
537867,0.79,-0.06,-0.06
537970,0.37,0.18,0.18
538073,0.49,0.00,0.12
538177,0.61,0.00,0.06
538279,0.79,-0.06,0.00
538381,0.49,-0.06,0.12
538484,1.04,-0.24,-0.12
538587,0.55,-0.06,0.06
538691,0.43,0.00,0.00
538793,0.61,-0.06,0.12
538897,1.22,-0.18,-0.12
539000,-0.12,0.67,0.55
539102,0.92,-0.12,0.06
539205,0.43,0.06,0.24
539308,0.49,0.06,0.24
539410,0.43,0.12,0.18
539512,0.43,-0.18,-0.24
539615,0.49,0.00,0.18
539717,0.67,0.00,0.12
539821,0.49,0.00,0.06
539923,0.49,0.00,0.12
540026,0.37,0.06,0.12
540128,0.55,0.00,0.12
540231,0.61,0.00,0.12
540333,0.55,0.00,0.18
540435,0.55,-0.06,0.12
540538,0.55,-0.06,0.12
540640,0.61,-0.12,0.12
540743,0.49,0.06,0.12
540845,0.55,0.00,0.12
540947,0.55,0.00,0.12
541050,0.55,0.00,0.12
541153,1.10,-0.18,0.00
541257,0.73,-0.37,-0.31
541360,2.56,-0.49,-0.43
541462,-0.73,0.61,0.79
541565,0.49,0.18,0.24
541668,0.43,0.12,0.18
541770,0.49,0.00,0.12
541872,0.43,-0.06,0.00
541975,0.73,-0.06,0.12
542077,0.12,0.12,0.12
542180,0.37,0.37,0.43
542283,-0.06,0.31,0.31
542385,0.49,0.12,0.12
542488,0.67,0.00,0.06
542590,0.43,-0.06,0.06
542692,0.37,0.00,0.06
542796,0.67,0.00,0.12
542898,0.43,0.06,0.24
543001,0.55,-0.12,0.00
543104,0.55,-0.06,0.06
543207,0.73,-0.06,0.00
543309,0.67,-0.12,0.00
543413,0.79,-0.18,-0.12
543516,0.43,0.00,0.12
543619,0.31,0.31,0.31
543721,0.73,-0.06,0.06
543824,0.61,-0.06,0.12
543926,0.61,-0.06,0.12
544029,0.18,0.00,0.00
544131,0.55,0.12,0.18
544233,0.43,-0.06,0.12
544336,0.43,0.00,0.12
544438,0.49,0.00,0.12
544541,0.61,-0.12,0.00
544643,0.73,-0.12,0.06
544746,0.24,0.12,0.18
544848,0.37,0.06,0.12
544950,0.49,0.12,0.18
545052,0.55,0.06,0.18
545155,0.61,-0.12,0.12
545257,0.67,0.00,0.12
545360,0.98,-0.12,-0.06
545462,0.37,0.00,0.18
545565,0.43,0.00,0.12
545667,0.55,0.00,0.12
545771,0.55,0.00,0.12
545873,0.73,-0.12,0.06
545976,0.73,-0.18,0.00
546079,0.67,0.00,0.12
546182,0.31,0.12,0.31
546284,0.98,-0.12,0.06
546387,0.61,-0.06,0.12
546489,0.55,0.00,0.06
546591,0.55,0.00,0.12
546693,0.61,-0.06,0.00
546797,0.55,0.06,0.18
546899,0.61,0.00,0.12
547003,0.55,0.00,0.06
547106,0.61,0.00,0.12
547208,0.61,0.00,0.06
547311,0.61,0.00,0.12
547413,0.61,-0.06,0.06
547516,0.61,0.00,0.12
547618,0.61,0.00,0.06
547722,0.49,0.00,0.18
547825,0.55,0.00,0.12
547929,0.61,0.00,0.12
548032,0.55,-0.06,0.12
548135,0.55,-0.12,0.00
548239,0.49,0.00,0.12
548342,0.55,0.06,0.24
548445,0.55,0.06,0.18
548548,0.18,0.06,0.24
548650,0.67,-0.06,0.06
548754,0.85,-0.18,0.00
548857,0.37,0.00,0.12
548960,0.31,0.06,0.12
549063,-4.58,2.69,1.22
549166,-1.10,0.43,0.00
549269,0.55,0.18,0.49
549372,0.49,0.06,0.31
549474,0.67,-0.06,0.12
549576,0.61,0.00,0.24
549679,0.55,0.00,0.18
549782,0.55,0.00,0.06
549885,0.55,0.00,0.12
549987,0.55,0.00,0.06
550089,0.79,-0.18,-0.06
550193,-3.54,26.06,-5.43
550297,0.43,0.31,0.00
550399,0.67,0.24,0.06
550503,0.49,0.37,0.06
550606,0.43,0.12,0.06
550708,0.49,0.18,0.06
550810,0.43,0.12,-0.06
550913,0.49,0.06,0.00
551016,0.55,0.00,-0.12
551118,0.49,0.12,0.18
551221,0.67,-0.06,0.37
551323,0.43,0.06,-0.18
551425,0.55,0.31,0.06
551528,0.43,0.37,0.18
551630,0.55,0.06,0.12
551733,0.49,-0.06,-0.18
551835,4.33,-14.59,-8.36
551939,-1.04,1.16,3.60
552042,-0.06,0.85,0.79
552146,0.79,-0.98,-0.55
552248,0.55,0.06,0.18
552351,0.49,0.06,0.31
552453,0.67,-0.06,0.31
552557,0.61,0.00,0.37
552659,0.31,-0.06,0.12
552762,0.73,-0.49,-0.31
552865,0.00,1.40,0.92
552968,-0.61,2.62,2.50
553070,1.04,-1.16,-0.73
553173,0.12,1.40,1.16
553275,0.61,-0.24,-0.12
553378,1.04,-1.22,-0.85
553480,-0.24,1.77,1.83
553583,0.31,0.85,0.61
553686,0.49,-0.06,0.12
553788,0.61,-0.55,-0.06
553890,0.43,-0.55,0.00
553992,0.43,-7.75,-10.93
554095,0.61,-5.25,-42.91
554197,5.00,-1.77,-0.55
554299,8.30,-7.93,-0.73
554403,0.37,-0.37,0.12
554506,-11.54,-13.12,-0.31
554608,1.10,0.43,0.37
554711,0.67,-0.06,0.18
554814,0.85,0.31,0.37
554916,0.18,-0.43,0.06
555019,0.43,0.06,0.18
555122,0.92,0.43,0.18
555225,1.65,1.28,2.14
555328,-0.12,-0.31,0.31
555431,-6.96,-6.59,1.10
555534,-29.66,-19.96,-1.10
555636,0.67,-0.18,0.79
555739,0.37,-0.49,2.01
555841,-0.18,-0.73,0.24
555945,-5.00,-3.36,0.00
556047,0.49,-0.12,0.49
556150,-19.29,-10.13,2.99
556253,-52.37,-21.61,4.15
556356,0.24,0.37,0.24
556459,0.43,-0.12,1.40
556563,-0.24,-1.59,1.95
556665,-8.00,-2.93,2.75
556768,3.05,-2.08,-0.79
556871,0.67,1.10,0.43
556974,0.92,0.67,1.04
557076,7.45,0.00,10.99
557178,0.61,-0.37,0.06
557281,0.06,0.43,-0.06
557383,1.83,0.06,-0.55
557485,0.85,-0.24,0.37
557588,0.49,0.12,0.12
557690,0.49,-0.18,0.18
557794,0.55,0.06,0.12
557897,0.61,0.12,0.06
557999,0.79,-0.31,0.31
558102,0.49,-0.55,0.49
558204,0.85,0.18,-0.18
558307,0.67,0.12,0.18
558410,0.31,0.31,0.18
558512,15.99,2.93,30.03
558615,0.37,-1.34,0.24
558717,0.31,0.37,-0.06
558820,0.61,0.43,0.12
558922,1.10,-0.18,0.43
559025,0.92,-0.49,1.16
559129,0.55,0.18,0.00
559231,-0.37,-0.49,0.18
559334,0.12,0.31,-0.18
559436,0.61,-0.61,0.31
559539,0.43,0.18,0.06
559641,0.55,0.55,0.12
559744,0.73,0.12,0.31
559846,0.79,-0.12,0.24
559948,0.49,0.18,0.00
560052,0.18,0.06,-0.06
560154,0.61,-0.06,0.12
560256,0.61,0.06,0.31
560359,0.73,0.12,0.12
560462,0.61,-0.12,0.06
560565,0.37,0.12,0.00
560667,0.55,-0.06,0.18
560770,0.55,0.37,0.12
560873,0.92,0.12,0.24
560975,2.69,0.43,0.92
561078,0.18,-0.18,0.06
561180,0.24,0.00,0.06
561283,0.61,0.24,0.24
561385,0.98,-0.06,0.24
561489,0.61,-0.18,0.18
561592,0.24,0.31,0.00
561694,0.67,-0.12,0.12
561798,0.85,0.06,0.37
561900,0.61,-0.24,0.12
562003,0.31,0.06,0.12
562105,0.18,0.00,-0.06
562208,0.79,0.31,0.31
562310,0.85,-0.18,0.31
562413,0.79,0.06,0.24
562516,0.98,0.12,0.18
562618,0.37,-0.31,0.12
562721,0.43,0.24,0.06
562824,0.55,0.00,0.12
562926,0.79,-0.06,0.06
563029,14.22,4.39,10.13
563131,2.56,1.22,0.73
563233,0.67,-0.06,0.12
563336,0.67,-0.24,0.18
563438,0.49,0.37,0.12
563540,0.55,0.31,0.00
563643,0.67,0.18,0.18
563745,0.55,-0.31,0.24
563847,1.71,0.31,1.65
563950,16.66,7.39,2.69
564053,0.43,-0.06,0.06
564156,0.49,-0.31,0.12
564258,0.49,0.12,0.18
564360,0.92,0.49,0.18
564463,0.55,-0.06,0.12
564566,0.79,0.12,0.24
564668,6.65,2.56,0.31
564770,0.55,-0.24,0.12
564874,0.43,-0.18,0.12
564976,0.31,0.12,0.37
565080,0.61,0.06,0.18
565182,0.61,0.06,0.00
565284,0.73,0.00,0.18
565387,0.73,0.12,0.12
565489,0.37,-0.18,0.00
565592,0.55,0.12,0.18
565694,0.18,-0.12,-0.12
565797,0.85,0.31,0.24
565899,0.61,-0.06,0.18
566001,0.61,0.06,0.06
566105,0.43,0.06,0.06
566208,0.55,-0.06,0.12
566310,0.73,0.12,0.12
566412,0.49,0.06,0.12
566515,0.61,-0.18,0.18
566617,0.67,0.12,0.31
566720,6.35,2.93,0.43
566822,0.67,0.00,0.12
566925,0.37,-0.06,0.06
567027,0.37,-0.18,0.12
567130,0.67,-0.31,0.24
567232,0.61,0.18,0.12
567335,0.43,0.00,0.06
567437,0.79,0.06,0.18
567539,0.73,0.24,0.12
567642,0.92,0.12,0.06
567744,32.96,26.67,9.16
567848,-0.24,-0.79,0.12
567950,-0.06,-0.55,0.06
568053,0.67,0.61,0.12
568155,-12.82,0.49,-15.38
568257,1.04,0.12,0.43
568360,1.10,0.73,0.06
568462,0.55,0.00,0.06
568565,21.97,15.32,1.22
568667,0.67,0.12,0.18
568770,0.37,-0.18,0.06
568872,0.18,-0.43,0.06
568974,10.50,12.94,-0.18
569077,0.67,-0.06,0.06
569179,0.67,0.12,0.18
569282,0.49,0.06,0.12
569384,0.24,-0.43,0.12
569486,0.43,-0.24,0.00
569589,0.49,-0.06,0.06
569691,0.55,-0.06,0.12
569793,0.49,-0.06,0.12
569896,0.67,0.12,0.18
569998,0.61,0.00,0.18
570100,0.18,-0.43,0.12
570202,0.49,-0.06,0.18
570305,0.67,0.18,0.18
570407,0.61,0.06,0.12
570509,0.67,0.06,0.12
570611,0.55,0.12,0.18
570713,0.67,0.18,0.18
570816,0.55,0.00,0.12
570918,0.61,0.00,0.12
571020,0.55,-0.06,0.12
571123,0.55,-0.06,0.12
571225,0.55,-0.06,0.12
571328,0.55,0.00,0.12
571430,0.55,0.00,0.12
571532,0.55,-0.06,0.18
571635,0.61,0.00,0.12
571737,0.55,-0.06,0.12
571840,0.49,-0.06,0.12
571942,0.67,0.18,0.18
572045,0.61,0.00,0.18
572147,0.61,0.12,0.12
572250,0.67,0.18,0.18
572352,0.49,-0.12,0.12
572455,0.49,-0.06,0.06
572557,0.55,0.00,0.12
572660,0.43,-0.24,0.18
572762,0.55,0.00,0.12
572865,0.67,0.06,0.12
572967,0.49,0.00,0.12
573069,0.61,0.06,0.18
573172,0.49,-0.12,0.12
573275,0.49,-0.18,0.18
573378,0.37,-0.18,0.06
573480,0.67,0.06,0.18
573582,0.61,0.06,0.12
573685,0.31,-0.37,0.06
573787,0.43,-0.12,0.12
573890,0.55,-0.12,0.12
573992,0.67,0.18,0.12
574095,0.49,-0.12,0.12
574197,0.24,-0.37,0.06
574300,-0.18,-1.53,-0.55
574402,0.67,0.06,0.12
574504,0.55,-0.06,0.12
574607,0.55,-0.06,0.12
574710,0.55,0.00,0.06
574812,0.55,-0.06,0.12
574915,0.49,0.00,0.12
575018,0.61,0.06,0.12
575121,0.61,0.00,0.18
575223,0.61,0.12,0.18
575326,0.55,0.06,0.18
575428,0.49,-0.06,0.18
575530,0.61,0.06,0.12
575633,0.43,-0.18,0.06
575735,0.67,0.18,0.18
575838,0.61,0.00,0.12
575940,0.55,0.00,0.12
576042,0.43,-0.06,0.12
576145,0.61,0.06,0.18
576247,0.61,0.06,0.12
576350,0.55,0.00,0.12
576452,0.55,0.00,0.18
576554,0.55,0.06,0.12
576657,0.61,0.06,0.18
576759,0.61,0.06,0.12
576861,0.55,0.00,0.12
576964,0.67,0.18,0.12
577066,0.55,0.00,0.12
577169,0.67,0.18,0.18
577272,0.55,0.00,0.12
577374,0.73,0.24,0.18
577476,0.55,15.56,0.18
577579,0.49,-0.12,0.12
577681,0.55,0.12,0.18
577783,0.61,0.00,0.12
577886,0.49,-0.06,0.12
577988,0.61,0.06,0.18
578091,0.55,0.00,0.18
578193,0.49,-0.12,0.12
578295,0.49,-0.06,0.12
578398,0.61,0.12,0.24
578500,0.61,0.00,0.12
578602,0.55,0.00,0.12
578705,0.43,-0.12,0.12
578807,0.49,-0.18,0.12
578909,0.61,0.00,0.12
579012,0.55,0.00,0.12
579114,0.55,0.06,0.12
579216,0.37,-0.24,0.12
579319,0.49,0.00,0.12
579421,0.55,0.06,0.12
579523,0.55,0.00,0.12
579626,0.55,-0.06,0.12
579728,0.55,0.06,0.12
579830,0.55,0.00,0.18
579932,0.61,0.12,0.12
580035,0.55,0.00,0.12
580137,0.61,0.06,0.12
580239,0.61,0.12,0.18
580341,0.61,0.18,0.18
580444,0.61,0.31,0.18
580546,0.61,0.12,0.18
580649,0.55,0.06,0.12
580751,0.37,-0.37,0.06
580853,-0.12,-0.67,-0.12
580956,-0.55,-1.34,-0.18
581058,0.37,-0.18,0.18
581160,0.85,0.31,0.12
581263,0.79,0.31,0.18
581365,0.55,0.00,0.12
581468,0.55,0.00,0.12
581570,0.55,0.06,0.12
581672,0.55,0.00,0.12
581775,0.61,0.06,0.12
581877,0.55,0.06,0.18
581980,0.67,0.24,0.18
582082,0.49,0.00,0.12
582185,0.55,-0.06,0.12
582287,0.55,0.00,0.12
582389,0.55,0.00,0.18
582491,0.49,0.00,0.12
582594,0.61,0.12,0.12
582696,-20.45,-17.40,-6.77
582799,-26.00,-24.29,-8.85
582901,1.77,12.27,5.62
583004,46.81,50.35,12.88
583106,-0.49,-1.53,-0.31
583208,0.06,-1.04,0.06
583310,0.61,0.12,0.12
583413,0.37,-0.31,0.18
583515,0.55,-0.06,0.18
583618,0.67,0.12,0.18
583720,0.55,0.00,0.12
583823,0.61,0.00,0.12
583925,0.49,-0.12,0.12
584028,1.10,-0.06,2.62
584130,-0.79,-2.20,-0.37
584232,-1.65,-3.36,-0.31
584335,2.99,2.26,0.79
584437,18.07,22.77,6.10
584539,-0.61,-1.59,-0.18
584642,0.12,-0.79,0.00
584744,0.43,-0.18,0.06
584846,0.55,0.00,0.18
584948,0.73,0.18,0.12
585051,0.43,-0.12,0.12
585154,0.61,0.06,0.18
585256,0.73,0.24,0.24
585358,0.73,0.31,0.18
585460,0.73,0.18,0.12
585563,0.73,0.18,-0.12
585665,1.10,1.10,0.37
585768,0.55,-0.12,0.12
585870,0.43,-0.31,0.00
585972,0.67,0.24,0.24
586075,0.49,-0.06,0.06
586177,0.43,-0.18,0.12
586280,0.49,-0.18,0.12
586382,0.67,0.12,0.24
586485,0.49,-0.12,0.12
586587,0.61,0.06,0.18
586689,0.79,0.31,0.12
586792,0.98,0.61,0.06
586894,2.01,2.87,1.04
586996,0.85,0.49,0.24
587099,0.67,0.00,0.06
587201,1.22,1.40,0.24
587303,0.67,0.00,0.31
587406,0.49,-0.06,0.18
587508,0.43,-0.18,0.06
587611,0.67,0.18,0.18
587713,0.43,-0.18,0.12
587815,0.55,0.06,0.18
587917,0.61,0.06,0.24
588020,0.73,0.18,0.06
588122,1.10,0.85,0.37
588224,0.79,5.98,4.64
588326,0.73,0.73,0.18
588429,0.49,-0.12,0.12
588531,0.61,0.06,0.18
588633,0.43,-0.24,0.12
588735,0.92,0.92,0.31
588838,0.43,-0.43,0.00
588940,0.00,-1.46,0.43
589042,-1.71,4.33,12.45
589145,0.31,-0.37,0.12
589247,0.67,0.06,0.18
589349,0.61,0.18,0.12
589452,0.61,-0.06,0.12
589554,0.43,-0.31,0.18
589656,0.37,-0.49,0.06
589759,0.31,-0.37,0.18
589861,0.67,0.12,0.24
589963,0.12,-0.98,0.06
590065,1.22,5.49,1.10
590168,-0.49,2.93,8.79
590270,-0.18,-2.50,0.12
590372,0.73,0.67,0.18
590475,0.49,-0.06,0.18
590577,-0.24,-1.83,-0.37
590679,0.00,-0.92,-0.49
590782,0.61,-0.06,0.12
590884,0.85,0.67,0.61
590987,0.67,0.24,0.18
591089,0.24,-0.43,0.06
591191,0.31,-0.31,0.06
591293,0.49,-0.06,0.12
591396,0.49,0.18,0.18
591498,0.92,0.67,0.31
591600,0.55,0.18,0.31
591703,0.31,-0.43,0.12
591805,0.37,-0.18,0.12
591907,0.49,-0.18,0.06
592010,0.55,0.06,0.18
592112,0.49,-0.12,0.06
592214,0.31,-0.31,-0.06
592316,0.43,-0.12,0.12
592419,0.98,0.73,0.37
592521,0.43,-0.12,0.06
592623,0.67,0.31,0.18
592725,0.61,0.24,0.12
592828,0.61,0.00,0.00
592930,0.55,0.00,-0.12
593033,0.85,0.43,0.31
593135,0.79,0.18,0.24
593237,0.55,0.37,0.18
593339,0.79,0.18,0.24
593442,0.67,0.18,0.18
593544,0.67,0.37,0.18
593646,0.67,0.31,0.12
593749,0.61,0.00,0.24
593851,0.55,-0.06,0.18
593953,0.55,0.00,0.18
594056,0.49,-0.12,0.06
594158,0.61,0.12,0.24
594260,0.55,-0.49,0.06
594362,0.18,-0.24,0.06
594465,0.55,-0.37,0.12
594567,0.85,0.61,0.18
594669,0.67,0.00,0.18
594772,0.61,0.00,0.12
594874,0.49,-0.31,0.18
594976,0.49,-0.24,0.06
595078,0.55,0.00,0.18
595180,0.49,-0.12,0.12
595283,0.61,0.12,0.12
595385,0.79,0.37,0.18
595487,0.49,-0.12,0.12
595590,0.49,-0.06,0.12
595692,0.61,0.12,0.18
595794,0.49,-0.12,0.12
595896,0.55,0.00,0.12
595999,0.55,0.06,0.12
596101,0.67,0.18,0.18
596203,0.67,0.24,0.18
596305,0.49,-0.06,0.24
596408,0.67,0.31,0.18
596510,0.92,0.18,0.31
596612,0.43,-0.18,0.00
596714,0.37,-0.31,0.06
596817,0.37,-0.49,0.06
596919,0.49,-0.06,0.12
597021,0.49,-0.06,0.18
597123,0.55,-0.06,0.12
597226,0.49,-0.12,0.12
597328,0.55,-0.06,0.18
597430,0.55,-0.06,0.18
597532,0.61,0.06,0.12
597635,0.55,-0.06,0.12
597738,0.55,-0.06,0.18
597840,0.49,-0.12,0.18
597943,0.55,-0.12,0.12
598045,0.61,0.00,0.12
598147,0.55,-0.06,0.18
598249,0.55,0.00,0.18
598352,0.61,0.00,0.06
598454,0.55,0.00,0.12
598556,0.61,0.06,0.18
598658,0.61,0.12,0.12
598761,0.61,0.12,0.12
598863,0.61,0.06,0.12
598965,0.55,-0.06,0.12
599067,0.61,0.00,0.12
599170,0.55,0.06,0.18
599272,0.85,0.31,0.49
599374,0.61,0.00,0.24
599476,0.67,0.12,0.24
599578,0.61,0.12,0.18
599681,0.61,0.06,0.18
599783,0.67,0.06,0.18
599885,0.55,-0.06,0.12
599987,0.49,-0.06,0.06
600089,0.55,-0.12,0.12
600192,0.49,-0.06,0.06
600294,0.49,-0.12,0.18
600396,0.55,-0.06,0.12
600499,0.55,-0.06,0.18
600601,0.55,-0.06,0.12
600703,0.61,0.12,0.12
600807,0.61,0.06,0.18
600909,0.55,-0.06,0.18
601011,0.49,-0.18,0.12
601114,0.24,-0.85,-0.06
601216,0.73,0.67,0.24
601318,0.73,0.98,0.31
601420,0.61,0.06,0.00
601523,0.79,0.61,0.18
601625,0.61,0.00,0.18
601727,0.49,-0.73,0.00
601830,0.67,0.24,0.06
601932,0.55,0.18,0.12
602034,0.55,0.00,0.06
602137,0.55,0.12,0.18
602239,0.55,0.06,0.18
602341,0.49,-0.06,0.12
602443,0.61,0.00,0.06
602545,0.55,-0.06,0.12
602648,0.55,0.06,0.12
602750,0.61,0.31,0.18
602852,0.43,-0.79,0.00
602954,0.55,-0.12,0.12
603057,0.55,-0.06,0.12
603159,0.31,-0.98,0.00
603261,0.61,0.18,0.24
603364,0.61,0.00,0.18
603466,0.55,-0.06,0.12
603568,0.55,0.12,0.18
603671,0.61,0.12,0.18
603774,0.55,0.00,0.12
603876,0.55,0.06,0.18
603979,0.49,-0.61,0.06
604081,0.55,0.00,0.18
604183,0.61,0.06,0.06
604286,0.49,-0.49,0.12
604388,0.55,-0.12,0.06
604491,0.49,-0.06,0.18
604593,0.43,-0.73,-0.06
604695,0.49,-0.37,0.12
604798,0.61,0.12,0.18
604900,0.55,0.00,0.12
605002,0.55,-0.12,0.12
605105,0.55,0.18,0.18
605207,0.61,0.31,0.18
605309,0.61,0.31,0.12
605411,0.37,-1.04,0.00
605514,0.61,0.43,0.24
605616,0.31,-2.01,-0.06
605719,0.18,-1.10,0.12
605821,0.67,0.12,0.18
605923,0.31,-0.49,0.06
606025,0.49,-0.24,-0.06
606128,1.22,2.99,0.37
606230,0.37,-0.79,-0.31
606332,0.37,-0.18,0.18
606435,0.49,-0.06,0.00
606537,0.61,-0.12,0.06
606639,0.79,0.43,0.12
606741,0.73,0.06,0.06
606844,0.61,0.18,0.12
606946,0.61,0.12,0.18
607048,0.31,-0.61,0.00
607151,2.20,3.17,0.73
607253,2.62,9.03,-2.81
607357,-1.40,-8.54,-2.32
607459,1.22,3.72,1.04
607561,-0.12,-4.03,-0.61
607664,0.92,2.56,0.24
607766,0.43,-0.31,0.00
607869,0.55,0.31,0.18
607971,0.73,0.55,0.31
608074,0.43,0.31,0.12
608176,1.04,2.20,0.43
608278,0.61,0.18,0.06
608380,0.55,0.79,0.24
608482,0.43,-0.18,0.12
608585,0.73,0.92,0.37
608687,0.37,-0.85,-0.12
608789,0.79,0.85,0.31
608892,0.61,1.34,0.00
608994,0.67,0.37,0.06
609097,0.55,0.31,0.18
609199,1.28,5.31,0.55
609301,-0.61,-6.96,-1.28
609404,0.31,-0.43,0.12
609506,1.04,3.30,0.73
609608,0.92,3.23,0.92
609711,0.49,-1.22,-0.49
609814,1.46,2.32,-1.71
609916,7.32,-8.73,-19.65
610018,6.23,9.83,22.40
610121,0.31,-8.61,-0.98
610224,-1.22,2.01,-2.26
610327,4.39,29.54,-20.63
610429,-1.59,-12.21,-2.32
610531,2.44,10.07,1.28
610634,0.24,-11.90,-10.38
610736,0.18,-0.55,0.43
610838,0.61,0.06,0.06
610940,0.43,-0.73,0.00
611043,-0.12,-0.24,1.22
611146,-1.28,-0.37,0.92
611249,0.43,-0.18,0.06
611351,0.61,-0.06,0.12
611454,0.43,-0.24,0.06
611556,0.18,-0.49,0.06
611660,0.73,0.24,0.18
611762,3.17,10.74,-1.22
611865,8.12,81.42,-14.04
611967,-27.47,-59.08,15.32
612069,0.18,5.31,-1.71
612172,22.16,-9.83,5.49
612275,-5.00,38.76,60.24
612377,4.39,3.85,29.85
612480,-2.50,-8.36,1.65
612582,-14.04,17.09,-28.32
612685,-26.55,9.58,-53.41
612787,1.22,-7.75,-7.02
612889,8.36,7.14,7.32
612992,2.62,-13.61,9.77
613094,-3.72,2.26,-4.27
613197,-0.18,-3.36,-4.94
613299,3.23,-7.45,-27.47
613402,-0.06,-1.89,-1.59
613504,0.43,-0.12,0.18
613606,0.73,0.67,0.43
613709,-4.52,-0.43,23.32
613811,16.05,-2.62,0.37
613914,0.37,-10.99,12.94
614016,-5.25,-36.13,45.17
614119,34.55,57.37,-19.35
614221,-2.93,2.26,24.60
614324,47.79,51.88,-5.49
614426,2.14,-1.83,1.22
614528,-17.33,-85.39,16.17
614630,14.40,47.24,-15.93
614733,0.98,-0.06,-0.24
614835,0.73,-0.06,-0.06
614937,2.93,0.18,0.06
615040,1.53,-0.73,0.55
615142,0.92,-0.37,-0.06
615245,0.61,-0.06,0.12
615347,0.24,0.06,0.43
615449,0.06,0.00,0.37
615551,0.00,-0.18,0.31
615654,-0.79,-0.73,0.55
615757,-3.05,-5.07,4.94
615859,0.49,0.00,0.31
615961,0.55,0.18,0.12
616063,0.49,0.06,0.18
616166,1.77,0.06,-0.31
616268,29.85,8.00,3.23
616371,29.72,7.81,4.21
616474,13.49,-7.51,7.87
616576,-22.09,-5.25,-3.17
616678,-10.19,-6.77,-4.15
616781,-43.52,-13.85,-19.65
616884,0.61,-0.31,-0.12
616986,0.06,2.69,1.16
617088,-59.20,13.92,72.88
617190,61.71,-0.12,17.76
617293,-33.02,-7.81,-7.08
617395,-74.71,-1.46,-57.43
617498,-15.99,-12.57,-20.51
617600,13.24,17.46,9.28
617703,-5.25,-0.55,-29.91
617805,1.28,13.67,0.98
617908,34.61,-8.36,-5.25
618011,6.71,6.90,37.72
618113,-16.42,5.98,-1.83
618215,12.76,-1.59,-3.48
618318,1.34,-1.46,0.24
618420,-5.31,0.61,-6.10
618522,0.49,1.22,-0.12
618625,5.31,-2.50,-1.22
618728,-1.40,1.71,1.40
618831,-25.27,0.49,25.09
618933,-36.50,-56.27,28.93
619035,-2.75,20.63,-11.90
619137,35.71,37.66,-11.11
619240,-6.41,-2.44,1.53
619343,5.43,-2.87,-57.19
619445,0.43,1.04,-0.31
619547,0.31,-7.63,-4.82
619649,0.55,-4.52,-0.79
619752,1.16,7.69,0.61
619854,0.85,1.22,-2.69
619956,-0.18,-5.13,-9.64
620059,0.79,0.61,0.85
620161,1.59,6.90,-3.23
620263,7.39,8.61,-4.15
620366,6.59,-4.64,-0.12
620468,-4.03,-23.56,-13.18
620570,0.12,-16.05,1.16
620673,2.01,2.62,0.00
620775,17.58,7.20,14.89
620878,-3.97,9.22,26.12
620980,-2.99,-2.08,1.16
621083,-1.46,-1.04,-0.24
621186,1.04,0.12,0.37
621289,0.00,0.12,-0.24
621391,0.49,0.79,0.31
621493,-0.31,-0.73,-0.49
621597,3.72,0.55,-11.11
621700,-0.37,-0.73,-0.37
621804,-0.67,-0.98,-5.86
621907,2.08,1.16,-0.06
622010,-0.24,0.06,-0.61
622114,1.04,-0.31,0.18
622217,1.83,2.93,1.10
622319,7.08,26.55,0.61
622422,5.43,19.35,-4.58
622525,-3.36,-30.88,-11.11
622627,2.50,8.12,-1.59
622730,0.61,1.89,0.43
622832,-0.49,25.63,1.40
622935,0.18,-1.77,-0.12
623037,0.18,-1.40,0.00
623139,-1.34,-1.16,1.28
623242,1.10,-2.87,-0.73
623345,1.28,1.04,-1.89
623447,0.43,0.92,0.61
623550,-0.85,0.92,1.65
623652,0.12,1.89,0.85
623755,0.49,-4.82,-0.55
623857,0.55,-0.37,0.24
623960,0.85,-1.53,-0.43
624064,0.31,1.89,0.85
624166,0.98,9.46,15.26
624269,0.92,-1.04,-0.37
624372,-0.24,-1.95,0.12
624476,-0.43,-3.60,-0.61
624579,-4.39,-4.09,-3.48
624682,-0.73,-0.79,-0.06
624784,1.22,-1.10,-0.49
624888,0.55,0.12,0.12
624990,1.46,-0.67,-0.12
625092,-0.61,0.49,-0.37
625195,-1.71,12.70,-9.58
625298,-4.03,3.91,10.93
625401,-0.24,5.43,-3.42
625504,0.92,-0.49,-0.37
625606,0.67,-2.32,-2.75
625709,-2.38,5.13,2.26
625813,-2.87,2.14,-10.01
625915,-0.24,1.77,0.67
626017,1.34,-2.26,-2.08
626121,0.43,-0.67,1.59
626223,0.73,-1.71,-0.31
626325,0.98,-0.31,-1.89
626428,-1.77,13.18,1.59
626531,-0.18,2.08,0.55
626633,15.56,-6.41,-3.05
626736,1.16,5.98,3.66
626838,-6.10,2.87,2.93
626941,-0.43,0.85,0.49
627043,0.67,-0.98,0.18
627147,-2.56,2.01,3.66
627249,0.79,-0.31,0.00
627351,0.37,0.79,-0.55
627454,1.71,-1.53,-0.79
627557,-1.34,3.23,4.52
627661,-0.67,1.04,0.92
627763,0.37,2.69,-0.37
627865,0.79,0.67,0.61
627969,-7.20,-6.59,9.83
628072,2.44,-1.65,-1.95
628175,0.12,-2.87,-0.24
628278,0.37,-0.06,0.06
628382,1.04,0.18,-1.53
628486,0.12,-1.22,0.98
628589,7.14,-4.03,0.67
628692,5.07,2.26,-7.45
628794,6.04,-5.31,-0.55
628897,4.39,-2.01,-0.55
628999,-0.61,0.31,0.31
629103,2.14,8.67,0.37
629206,0.73,-0.31,0.06
629310,-8.42,3.05,0.85
629413,1.71,-1.10,-0.55
629516,1.95,-0.67,-0.06
629618,2.75,-0.92,-0.12
629721,0.49,-0.43,0.37
629823,-2.81,1.89,0.43
629926,2.75,-1.28,-0.43
630029,-4.70,4.03,0.61
630131,2.26,-0.73,-0.12
630234,-1.83,6.90,4.27
630336,-21.24,7.51,3.23
630440,-0.18,0.12,-0.85
630542,-3.11,1.59,3.11
630644,2.01,-0.43,2.20
630748,13.37,-21.18,-27.22
630850,3.17,0.79,-0.92
630953,-0.31,0.55,-2.62
631057,-1.04,0.43,0.06
631159,-16.97,32.78,23.19
631262,-5.68,2.50,1.71
631364,-11.60,5.68,5.19
631466,6.23,-4.27,11.17
631570,-1.89,1.71,2.20
631672,26.73,6.47,-38.70
631775,23.86,24.29,3.36
631877,29.36,-64.76,34.61
631980,-2.93,-10.25,8.30
632082,-0.18,7.57,38.21
632186,-0.12,-1.95,0.49
632289,-0.61,-21.85,-16.85
632391,0.67,13.67,0.12
632494,0.18,0.49,0.24
632596,-1.22,-16.11,-4.88
632698,3.78,1.71,0.31
632801,23.19,26.61,4.15
632904,-11.90,-12.27,-2.01
633007,7.08,7.02,1.16
633111,-14.89,0.31,-3.48
633215,-1.10,11.54,0.24
633317,1.95,1.65,11.96
633420,-2.62,-3.42,-1.04
633522,1.95,-34.42,1.89
633626,5.68,3.91,199.58
633730,-12.76,-8.12,47.67
633832,-0.98,-0.73,-0.18
633935,104.55,22.22,-91.19
634039,-75.20,-67.26,-61.10
634141,-80.81,-75.62,49.50
634244,54.02,-11.96,41.20
634348,4.76,-3.05,3.72
634450,-34.36,26.31,25.88
634553,42.42,9.89,11.66
634656,65.25,9.22,-49.07
634758,-0.06,-1.83,3.48
634862,48.89,-51.88,24.78
634964,32.59,-6.77,13.24
635067,18.86,14.71,-2.50
635169,43.88,7.63,-7.81
635271,68.66,-27.47,-100.04
635374,1.04,-2.14,-16.97
635476,1.34,0.37,-2.14
635579,4.52,-2.08,-23.32
635682,-0.79,0.79,-1.65
635784,6.16,-3.05,-0.37
635886,-0.79,1.59,0.31
635989,8.73,0.85,0.85
636091,-46.57,-22.77,67.87
636193,1.65,0.24,46.88
636295,5.37,-6.90,-31.13
636398,-41.56,-44.98,14.71
636500,-314.64,45.72,70.01
636602,84.59,20.26,85.94
636705,125.79,-39.25,41.75
636810,-1.28,184.88,151.79
636912,1.53,201.05,73.43
637015,-122.31,35.40,66.65
637117,59.63,10.50,24.05
637219,-119.38,-30.27,16.17
637322,-252.14,-73.85,-36.19
637426,-142.46,-2.87,-23.80
637528,12.08,-32.84,28.69
637632,48.10,114.32,-39.18
637735,8.85,31.43,-49.01
637837,0.24,-0.61,0.12
637941,-4.58,-0.18,-1.40
638044,-2.93,-1.34,-0.55
638146,-2.99,0.37,-0.49
638249,0.31,-0.06,-0.37
638351,-0.61,0.43,-0.61
638454,-2.62,0.24,-0.24
638556,-16.78,12.08,-0.73
638660,39.37,13.73,-15.75
638762,20.02,-17.46,3.91
638865,1.10,-4.82,6.10
638967,6.10,-4.76,0.31
639070,1.22,-0.18,0.98
639173,1.83,-3.48,-6.59
639276,0.12,-0.85,-12.94
639378,16.54,1.77,-18.31
639481,51.88,-68.54,-53.34
639583,-33.87,-8.91,0.24
639686,18.19,6.35,1.65
639790,11.23,-0.61,0.31
639894,2.14,3.85,-0.55
639996,1.71,0.61,-0.98
640098,-4.03,-4.88,-0.18
640201,-1.59,-9.40,1.71
640303,0.49,7.26,-1.53
640406,14.47,13.24,-5.86
640508,6.53,-4.09,-3.42
640611,-0.43,-4.82,-0.18
640713,-0.31,-10.13,2.26
640816,-4.03,-7.87,10.38
640918,0.06,4.52,-3.48
641020,-1.95,4.39,-2.93
641123,0.00,-2.32,0.67
641225,3.42,-1.71,0.85
641328,-2.08,1.77,1.59
641430,2.69,0.49,-0.06
641532,1.71,0.12,-0.24
641635,-0.31,-0.18,-0.43
641737,-2.75,-2.69,1.28
641839,-6.10,-3.36,0.49
641942,-1.10,-3.11,2.32
642044,-3.36,-2.56,2.32
642147,-0.06,-0.61,-0.18
642249,1.16,-1.40,0.73
642352,1.46,0.43,0.98
642454,0.24,2.08,-0.79
642556,34.67,-1.22,-0.55
642659,0.37,2.14,-0.79
642761,6.90,2.87,3.30
642864,12.76,-3.78,0.06
642966,-4.94,0.37,-1.16
643069,0.31,-0.85,0.12
643171,-5.31,-5.25,1.89
643274,7.69,-5.43,2.62
643376,-2.93,0.18,0.73
643479,4.15,2.99,-2.14
643581,0.43,-0.43,-0.43
643684,0.49,0.06,1.10
643786,0.00,-2.69,-0.06
643889,4.15,-3.05,0.98
643991,-2.26,-1.10,1.59
644094,2.99,1.10,-1.65
644197,5.49,-0.31,-1.53
644299,-5.55,-2.01,1.71
644402,4.33,-1.53,4.88
644504,36.87,13.79,-6.90
644606,-3.91,5.31,-7.87
644709,13.18,1.16,-0.43
644811,1.77,0.49,0.73
644914,0.73,1.83,-1.71
645017,16.97,1.34,-0.73
645119,-1.71,-1.40,-0.61
645222,6.04,-6.10,2.62
645324,15.69,-4.03,1.77
645427,-6.41,0.37,-0.55
645529,0.73,1.10,-2.87
645631,4.03,-1.77,0.67
645734,3.30,-4.21,2.62
645836,1.65,-4.21,3.11
645939,-0.12,0.00,2.81
646042,-8.61,-0.06,-1.65
646144,-22.95,-0.85,3.05
646247,5.80,-9.64,8.06
646350,-33.08,-12.45,12.21
646453,-27.65,4.33,4.64
646555,-2.14,11.96,6.65
646658,0.55,9.22,1.71
646761,24.48,0.55,5.07
646863,-31.49,21.30,4.03
646965,15.14,2.56,-14.04
647067,22.71,-3.23,-5.13
647170,-3.72,-1.04,-1.46
647272,-4.52,-0.12,2.44
647375,-5.43,4.33,7.20
647478,-5.74,-2.87,6.90
647581,-3.48,-0.43,1.04
647685,8.18,2.08,-4.64
647787,5.80,4.64,-2.44
647889,0.98,0.85,-0.06
647992,1.71,-4.33,2.38
648095,-2.62,-1.22,1.22
648198,-1.10,2.44,-1.16
648300,16.05,-0.37,-2.93
648403,-2.01,0.49,-0.85
648506,-2.14,1.10,-1.34
648609,10.25,-0.06,-2.20
648712,2.69,0.06,-1.53
648815,15.93,0.92,2.38
648919,-0.37,1.59,1.65
649021,-1.95,0.43,-0.73
649124,7.93,0.61,-4.58
649226,6.29,2.01,-2.38
649328,-0.06,3.97,-0.24
649431,7.63,-0.43,-2.20
649533,0.31,1.22,-3.36
649636,8.85,0.49,-3.91
649738,3.11,2.81,-1.34
649840,5.86,0.31,-2.14
649943,4.46,0.85,-3.30
650045,10.44,2.38,-3.72
650147,14.22,0.43,-2.93
650250,0.06,1.22,-2.87
650352,-0.92,-1.46,0.79
650455,3.23,-0.49,-0.12
650558,3.30,0.06,-2.01
650660,0.92,-0.92,0.31
650762,0.55,-0.43,-0.73
650865,0.67,0.43,0.37
650967,5.07,-0.85,1.77
651070,2.14,1.34,-0.49
651172,0.24,-1.16,-0.37
651275,0.18,-0.24,0.00
651378,2.50,0.24,-0.37
651480,1.89,0.24,0.37
651583,1.34,0.31,-0.43
651685,1.59,-2.93,-1.28
651788,-1.53,-1.28,-0.85
651892,-0.37,-0.31,0.31
651994,1.95,0.24,0.49
652096,0.67,0.31,-0.06
652199,0.55,-0.49,0.31
652301,0.49,0.18,0.18
652404,3.97,0.73,1.53
652506,3.72,1.95,-0.37
652608,1.22,-0.12,0.49
652711,-0.43,-0.31,0.55
652813,-0.67,-0.43,-1.04
652916,1.28,-0.98,0.92
653019,1.89,-0.06,-0.37
653121,-0.18,0.06,0.12
653224,-0.24,-0.61,-0.67
653327,1.28,0.67,0.00
653429,0.85,-0.18,-0.24
653532,0.79,0.49,-0.55
653634,0.79,-1.34,0.43
653737,0.37,0.98,0.24
653840,1.46,0.00,1.22
653942,0.55,-0.24,0.67
654044,9.16,-4.46,-0.06
654147,10.44,20.81,-2.99
654249,7.20,-1.77,2.87
654352,2.14,-0.73,0.55
654454,-0.24,0.43,-0.12
654557,-0.73,-0.92,-3.54
654659,11.17,1.83,5.07
654762,-2.75,-2.93,5.37
654865,-4.70,-2.75,-1.77
654967,-2.14,-0.92,1.34
655070,-3.54,0.37,1.46
655173,0.73,0.49,0.06
655275,1.22,-0.37,1.34
655377,0.06,-0.37,-0.24
655480,-0.31,0.43,0.55
655583,2.01,0.18,-0.24
655685,2.87,-0.24,0.24
655788,2.44,0.43,0.06
655891,1.71,1.34,0.00
655993,0.49,-0.31,-0.37
656096,-0.85,-0.49,-0.79
656199,-0.43,1.34,-0.73
656302,14.83,4.46,-10.01
656405,24.41,-4.21,-4.21
656508,17.40,-3.11,10.62
656611,17.15,-1.65,1.34
656713,-3.66,-4.70,4.39
656816,-0.67,-4.33,5.55
656919,-0.92,-2.44,-3.78
657021,5.00,-0.61,-0.06
657124,8.30,-9.28,-2.69
657226,7.57,1.59,-5.55
657328,5.49,-6.35,-3.97
657431,0.06,-2.69,0.31
657533,1.28,-1.83,-2.87
657635,-3.11,3.23,2.08
657738,6.90,4.15,10.38
657840,2.69,5.55,3.91
657943,-1.46,2.44,0.98
658045,1.40,0.12,0.61
658147,-2.50,1.46,0.79
658250,-0.37,1.65,2.14
658352,-0.49,0.12,1.53
658454,0.92,-0.67,0.55
658556,0.73,-0.31,0.49
658659,2.14,0.55,-0.37
658761,-0.92,1.04,-0.37
658864,0.24,0.06,0.79
658966,0.79,-0.06,0.79
659068,0.24,0.18,-0.37
659171,0.18,0.00,-0.79
659273,0.73,-0.06,0.06
659375,1.10,0.18,0.92
659478,0.61,0.00,-0.12
659580,0.92,-0.31,0.37
659682,0.92,0.24,0.37
659785,0.85,-0.06,-0.24
659887,1.46,0.06,0.18
659989,1.22,0.24,0.49
660091,0.73,-0.06,0.12
660194,0.55,-0.12,0.18
660296,0.61,-0.31,0.85
660398,-0.79,-0.18,0.92
660501,-0.43,-0.12,-0.06
660603,3.05,-0.37,0.98
660705,1.59,0.92,-0.06
660808,0.12,-0.12,-0.24
660910,0.92,-0.67,0.00
661012,2.50,-0.92,0.43
661114,0.92,-0.55,0.49
661217,0.67,1.10,0.00
661319,0.98,0.24,0.43
661421,1.34,0.55,0.49
661523,1.34,0.79,0.73
661626,-0.31,1.16,0.06
661728,0.79,-0.85,-0.24
661830,0.61,0.49,0.85
661933,0.24,0.00,-0.12
662035,0.61,-0.18,-0.85
662137,0.73,0.18,0.31
662239,0.98,0.31,1.16
662342,0.49,-0.12,-0.18
662444,0.67,-0.06,-0.31
662546,1.04,0.49,0.43
662648,0.18,-0.61,-0.24
662751,0.43,-0.24,0.12
662853,1.83,-0.73,0.79
662956,1.16,0.00,0.31
663058,0.92,0.00,0.00
663160,0.67,0.06,0.18
663263,0.24,-0.18,0.00
663365,0.61,0.00,0.37
663467,0.18,-0.24,0.37
663570,0.73,0.06,0.06
663672,0.67,0.00,-0.06
663775,0.31,-0.06,0.18
663878,0.43,-0.18,0.31
663980,0.67,0.18,-0.06
664083,0.43,-0.06,-0.06
664185,0.85,0.18,0.12
664288,0.67,0.12,0.55
664390,0.12,-0.12,-0.49
664493,-0.12,-0.55,0.37
664595,0.55,0.43,0.55
664698,0.85,0.00,-0.06
664801,0.73,0.12,-0.31
664903,0.18,0.00,0.55
665005,0.61,-0.06,0.37
665108,0.55,-0.06,0.06
665210,0.06,-0.31,0.06
665313,0.79,-0.06,0.06
665415,0.43,-0.24,-0.18
665518,4.15,-0.85,0.43
665620,0.24,0.00,0.00
665723,0.55,-0.24,-0.24
665826,0.73,0.24,0.49
665928,0.92,0.00,0.31
666030,0.98,-0.06,-0.12
666133,-2.69,-1.34,1.59
666235,-0.49,-0.06,-0.73
666338,0.85,-0.24,-0.12
666441,1.40,-0.98,1.04
666543,0.24,-0.12,-0.79
666646,0.24,-0.37,-0.43
666748,0.92,0.37,0.18
666851,0.73,0.18,0.49
666953,0.12,-0.24,0.18
667056,0.98,0.06,0.37
667158,0.43,0.12,0.06
667260,0.85,-0.12,0.61
667363,0.18,-0.18,-0.49
667465,0.18,-0.06,-0.55
667568,0.43,0.12,0.18
667670,1.10,0.00,-0.12
667773,1.04,0.06,0.37
667875,0.55,-0.06,0.37
667977,2.14,-0.06,0.18
668080,0.92,-0.06,0.18
668183,0.73,0.12,0.37
668285,0.55,0.00,-0.12
668388,0.49,-0.06,0.06
668491,0.85,0.12,0.79
668593,0.55,0.00,0.31
668695,0.85,-0.37,0.55
668798,0.79,0.31,0.43
668900,-0.98,-0.55,-0.37
669003,1.22,0.49,0.00
669105,1.04,-0.73,0.24
669207,0.55,-0.31,-0.31
669310,0.43,-0.12,-0.31
669413,0.92,0.12,0.55
669515,0.31,0.24,0.49
669617,0.73,0.18,0.06
669720,0.67,-0.43,-0.18
669822,0.37,0.24,0.43
669924,0.49,0.49,0.79
670027,0.73,-0.12,-0.79
670130,0.49,-0.55,0.24
670232,0.43,0.12,0.49
670335,0.67,-0.06,0.49
670438,0.85,-0.18,0.18
670541,0.61,-0.06,0.18
670644,0.55,-0.12,0.37
670746,0.67,0.00,0.18
670849,0.49,-0.06,0.12
670951,0.37,0.12,0.12
671054,0.49,0.00,0.06
671156,0.67,-0.06,0.12
671259,0.61,-0.06,0.06
671361,0.55,0.00,0.24
671464,0.61,0.06,0.12
671566,0.67,-0.12,0.12
671669,-0.24,0.00,-0.06
671771,1.22,-0.55,0.85
671874,1.95,0.92,-0.55
671977,2.44,0.55,0.12
672079,2.56,0.18,1.34
672182,3.17,-0.49,-0.73
672284,0.67,-1.46,-1.59
672387,0.06,-0.43,-0.61
672489,0.18,0.31,0.79
672592,0.67,0.06,0.18
672694,0.79,-0.18,-0.24
672797,1.04,0.37,0.12
672899,0.12,0.12,0.24
673001,-0.37,-1.89,-0.73
673103,-0.06,0.12,-0.18
673206,-0.85,0.67,-0.37
673308,1.83,0.00,-0.18
673410,2.01,-0.18,0.43
673513,0.79,0.18,0.18
673615,0.31,0.18,0.73
673717,-0.92,-0.37,0.43
673820,0.67,-0.18,-0.61
673922,2.32,0.79,-0.49
674024,0.12,-0.12,-0.24
674127,0.43,0.00,-0.06
674229,0.37,0.06,0.67
674331,0.06,-0.06,0.24
674434,1.04,0.00,-0.43
674537,0.61,0.00,0.12
674639,0.12,0.18,0.61
674741,0.61,0.31,0.24
674844,0.55,0.12,0.18
674947,0.37,0.24,0.12
675049,0.55,-0.06,0.12
675151,-0.49,-0.43,0.49
675254,1.16,0.67,0.24
675356,0.31,0.18,0.55
675459,-0.61,-0.49,-0.18
675562,1.22,0.31,0.00
675664,3.42,0.18,0.79
675766,0.85,-0.06,0.00
675869,0.55,-0.18,-0.12
675972,0.85,0.00,0.37
676074,0.43,0.31,0.49
676176,-0.61,-0.55,0.18
676279,0.18,-0.43,-0.24
676382,0.55,0.12,0.43
676484,-0.49,-0.24,0.49
676588,-0.12,-0.12,0.24
676690,0.37,-0.12,-0.12
676793,0.73,0.12,0.18
676895,0.85,0.31,0.24
676997,0.49,-0.18,0.00
677100,0.61,-0.12,0.31
677203,0.73,0.12,0.06
677305,0.61,-0.06,0.06
677408,0.67,0.18,0.12
677510,0.49,0.06,0.24
677613,0.85,0.18,0.37
677715,0.67,-0.06,-0.12
677817,0.49,-0.12,0.24
677920,0.43,0.00,0.37
678023,0.73,-0.06,0.18
678125,0.49,-0.12,0.06
678228,0.49,0.00,0.24
678331,0.67,0.00,0.12
678433,0.43,-0.06,-0.06
678536,1.04,0.06,0.37
678639,0.67,-0.12,0.00
678741,0.49,-0.12,0.00
678844,0.18,0.00,0.24
678946,0.31,-0.24,0.12
679049,0.67,-0.06,-0.12
679151,0.31,0.00,0.18
679254,0.61,0.06,0.24
679356,0.85,-0.06,0.12
679459,0.43,0.00,0.43
679561,0.49,0.00,0.31
679663,0.73,0.06,0.06
679765,0.55,0.00,0.18
679868,0.49,0.12,0.18
679970,0.31,0.00,0.06
680072,0.73,0.06,0.12
680175,0.73,0.06,0.06
680277,0.49,0.00,0.31
680379,0.24,0.00,0.06
680481,0.73,0.00,0.18
680583,0.79,-0.06,0.12
680686,0.79,0.12,0.06
680788,-1.77,-0.61,-0.43
680891,0.98,0.00,0.18
680994,0.79,0.00,0.00
681096,0.43,0.00,0.18
681199,0.61,0.00,0.24
681301,0.43,-0.06,0.12
681403,0.43,0.00,0.18
681505,0.55,0.06,0.24
681608,0.43,-0.06,0.00
681710,0.79,-0.12,0.31
681812,0.49,0.12,0.31
681914,0.43,-0.06,0.31
682017,0.67,0.00,0.18
682119,0.61,-0.06,0.18
682222,0.49,0.18,0.12
682324,0.67,0.06,-0.06
682426,0.67,0.12,0.12
682528,0.79,0.12,0.24
682630,0.61,0.06,0.18
682733,0.24,0.00,0.06
682835,0.43,-0.12,0.43
682937,0.55,-0.24,0.18
683040,0.49,-0.24,-0.18
683142,0.67,0.18,0.18
683245,0.67,-0.12,0.18
683348,0.79,-15.63,0.06
683450,0.61,0.00,0.12
683552,0.61,-0.12,0.06
683655,0.61,0.00,0.18
683757,0.61,-0.06,0.06
683859,0.61,0.00,0.18
683962,0.55,-0.06,0.00
684064,0.55,0.00,0.31
684167,0.61,-0.12,0.12
684269,0.61,0.00,0.12
684372,0.55,-0.06,0.12
684476,0.49,0.12,0.18
684580,0.37,-0.06,0.31
684683,0.49,-0.06,0.12
684785,0.67,0.06,0.37
684887,0.73,0.31,-0.18
684990,0.73,0.12,0.00
685093,0.79,0.18,0.43
685195,0.79,0.43,-0.24
685298,0.43,0.24,-0.06
685400,0.43,0.12,0.37
685503,0.61,0.31,0.18
685605,0.61,-0.12,0.06
685709,0.55,-0.18,0.67
685812,0.61,0.00,0.06
685915,0.61,-0.12,0.12
686018,0.55,-0.24,0.24
686120,1.59,0.24,0.43
686223,1.04,0.00,0.06
686325,0.73,-0.12,0.24
686428,0.55,-0.06,0.12
686530,0.43,-0.12,0.12
686633,0.73,-0.06,0.06
686735,0.61,-0.06,-0.06
686838,0.79,0.18,0.12
686940,0.98,0.18,0.18
687042,0.79,-0.06,0.00
687145,0.67,0.00,0.37
687247,0.79,0.12,0.24
687349,0.67,0.00,0.18
687452,0.37,-0.06,0.18
687554,0.67,0.00,0.06
687656,0.73,-0.12,0.00
687758,0.61,0.12,0.06
687861,0.55,0.06,0.12
687963,0.55,0.12,0.24
688065,0.98,-0.12,0.00
688168,0.55,0.00,0.31
688270,0.31,0.06,0.31
688372,0.55,0.00,0.12
688475,0.67,-0.06,0.00
688577,0.43,0.00,0.24
688679,0.61,-0.06,0.12
688781,0.37,-0.12,0.06
688884,0.61,0.00,0.31
688986,0.55,0.00,0.12
689088,0.49,-0.12,0.00
689191,0.61,-0.12,0.00
689293,0.43,0.06,0.12
689396,0.49,-0.12,0.06
689498,0.49,-0.06,0.12
689600,0.73,0.00,0.18
689702,0.67,0.00,0.12
689805,0.55,0.00,0.18
689907,0.55,-0.06,0.06
690009,0.67,-0.12,-0.06
690111,0.61,0.06,0.18
690214,0.61,-0.12,0.12
690316,0.49,0.00,0.00
690419,0.55,0.00,0.12
690521,0.79,-0.12,0.24
690623,0.61,0.06,0.18
690726,0.49,0.06,0.18
690828,0.73,0.12,0.18
690930,0.43,-0.12,0.18
691032,0.49,0.12,0.18
691135,0.61,0.06,0.18
691237,0.49,-0.12,0.12
691339,0.61,-0.06,-0.06
691441,0.85,0.18,0.73
691544,1.04,0.18,0.06
691646,0.79,-0.12,-0.24
691749,0.49,0.06,0.06
691851,0.49,0.00,0.37
691953,0.49,-0.31,0.12
692056,0.85,0.00,0.55
692158,0.24,-0.06,-0.31
692260,0.43,0.00,0.24
692363,0.18,-0.12,0.18
692465,0.61,-0.12,-0.06
692568,0.43,-0.18,-0.12
692670,0.31,0.12,0.31
692773,0.61,0.00,0.06
692875,0.49,-0.06,0.06
692977,1.22,0.24,0.37
693080,0.49,0.06,0.31
693182,0.73,-0.06,0.18
693284,0.61,0.12,0.06
693386,0.24,-0.12,0.06
693489,0.61,0.12,0.37
693591,0.73,-0.06,0.12
693693,0.43,0.00,0.00
693796,1.04,0.18,-0.18
693898,0.37,-0.18,0.31
694000,0.67,0.06,0.31
694103,0.49,-0.06,0.12
694205,0.49,-0.24,0.12
694308,0.55,0.12,0.18
694410,0.49,-0.06,0.00
694512,1.10,-0.12,0.31
694614,0.43,-0.24,0.06
694717,0.24,-0.18,-0.06
694819,0.06,0.00,-0.18
694921,0.92,0.06,0.49
695023,0.61,0.00,0.12
695126,0.12,-0.06,-0.12
695228,0.31,-0.18,0.12
695330,0.98,0.12,0.31
695432,0.73,0.06,0.00
695535,0.85,-0.06,0.37
695637,1.34,0.24,0.24
695739,1.65,0.55,0.18
695841,0.73,-0.18,0.18
695944,0.18,-0.31,0.31
696046,1.10,-0.06,-0.06
696148,3.60,0.79,0.12
696251,2.99,1.28,0.85
696353,1.16,0.31,0.67
696455,2.32,-0.61,-0.55
696558,0.55,-1.40,-0.24
696660,-1.34,-0.12,0.37
696762,-0.43,-0.55,0.18
696865,0.79,-0.31,-0.18
696967,1.71,0.98,-0.18
697069,9.28,-2.20,-0.49
697172,-0.67,-0.18,0.00
697274,-0.06,0.37,0.43
697376,0.18,0.12,0.37
697478,0.43,0.18,0.12
697581,0.61,0.18,0.12
697683,0.61,0.00,-0.06
697785,0.49,-0.12,0.24
697887,0.55,0.06,0.37
697990,0.61,-0.18,0.12
698092,0.73,0.00,0.31
698194,1.40,0.98,-1.22
698296,3.05,-1.10,-0.73
698399,1.34,-0.18,0.37
698501,-0.85,-0.92,-1.40
698603,-0.43,1.34,2.08
698706,-1.95,1.46,0.12
698808,-1.59,-1.34,-1.46
698910,0.85,0.55,-0.92
699012,0.06,0.24,-0.79
699115,0.79,0.00,0.73
699217,1.16,0.00,0.67
699319,0.00,-0.43,-0.24
699421,0.49,-0.12,-0.24
699524,0.79,0.06,0.31
699626,0.61,-0.49,0.31
699729,0.12,0.12,1.10
699831,-0.06,1.16,0.92
699933,2.08,0.79,-1.22
700036,2.20,-1.77,-1.28
700138,-0.24,0.55,0.73
700240,1.53,1.53,0.73
700342,0.73,-0.18,-0.79
700445,0.92,-0.37,-0.31
700547,0.73,0.24,1.28
700649,0.61,0.31,0.12
700752,0.67,-0.18,-0.12
700854,0.79,-0.06,0.18
700956,0.79,0.18,0.43
701059,0.67,-0.06,0.00
701161,0.67,-0.06,0.00
701263,0.85,0.12,0.12
701365,0.73,-0.06,0.24
701468,1.04,0.00,-0.06
701570,0.79,-0.18,-0.12
701673,0.67,-0.12,0.00
701776,0.61,-0.06,0.12
701878,0.24,-0.12,-0.18
701980,0.67,-0.12,0.12
702083,0.73,0.00,0.00
702185,0.61,0.00,0.00
702287,0.73,-0.12,0.00
702389,0.79,0.12,0.24
702492,0.79,0.12,0.37
702594,0.85,-0.06,0.06
702696,0.37,-0.12,0.00
702799,0.73,0.06,0.49
702901,0.55,-0.12,0.06
703003,0.49,-0.18,0.24
703105,0.49,0.06,0.00
703208,0.55,-0.06,0.00
703310,0.55,0.00,-0.18
703412,1.04,0.24,0.43
703515,0.49,0.06,0.31
703617,0.55,-0.06,0.12
703720,0.43,0.12,0.06
703823,0.31,-0.06,0.06
703925,0.85,0.06,0.18
704027,0.49,-0.12,0.06
704130,0.43,0.00,0.55
704233,0.55,-0.06,0.12
704336,0.67,-0.31,0.00
704438,0.31,0.06,-0.24
704540,0.55,-0.06,0.00
704642,0.67,0.24,0.12
704744,0.98,0.00,0.31
704847,1.34,0.12,0.00
704949,0.92,0.12,0.31
705052,0.18,-0.18,-0.24
705155,0.18,-0.06,0.67
705257,0.31,-0.06,0.37
705359,0.55,-0.49,-0.24
705461,0.06,-0.12,0.00
705564,1.22,0.37,0.55
705666,0.98,0.00,-0.06
705768,0.24,-0.12,0.00
705870,0.79,0.37,0.24
705973,0.79,-0.18,0.06
706076,0.43,-0.06,0.43
706178,0.92,0.18,0.37
706281,0.31,-0.12,-0.12
706383,0.73,-0.06,0.12
706486,0.31,0.06,-0.31
706589,0.43,0.31,0.37
706692,0.67,-0.18,0.37
706794,0.98,-0.24,-0.43
706897,0.12,0.00,0.24
706999,0.24,0.12,0.43
707101,0.61,-0.24,0.12
707204,0.67,-0.06,0.00
707306,0.55,0.18,0.31
707408,0.61,-0.12,0.06
707510,0.31,-0.18,-0.12
707613,0.73,0.00,0.31
707715,0.67,0.12,0.31
707817,0.61,0.06,0.12
707920,0.67,-0.06,0.12
708022,1.04,-0.06,0.12
708124,1.53,-0.24,0.98
708226,3.72,0.18,1.10
708328,-1.22,-0.55,0.73
708431,-5.62,-2.26,-0.31
708534,-1.22,-0.73,-1.22
708636,1.10,-0.67,0.85
708738,-0.79,0.12,-1.83
708841,12.76,-0.79,0.92
708944,1.16,0.06,0.24
709047,6.16,0.55,0.18
709149,7.57,-1.10,0.79
709251,1.04,-2.20,-1.65
709354,1.34,-1.40,-0.24
709457,1.10,0.49,0.73
709559,0.06,0.61,0.18
709662,-0.06,0.18,0.37
709764,-0.67,-0.37,0.24
709867,0.85,0.12,-0.24
709970,1.59,0.24,0.79
710072,0.79,-0.24,0.06
710174,0.73,-0.06,0.00
710277,0.49,0.43,-0.24
710380,-0.12,-0.67,-0.12
710482,1.59,0.61,0.98
710585,0.43,0.18,0.00
710687,0.31,-0.92,0.37
710789,0.37,0.55,-0.06
710891,6.71,-0.98,-1.10
710995,-0.18,-1.34,-0.55
711097,0.85,0.92,0.73
711199,0.00,-0.06,0.18
711302,0.43,-0.37,0.31
711404,0.85,0.85,0.31
711507,1.89,-0.18,0.31
711610,0.31,-0.73,-0.12
711713,0.49,0.49,0.18
711816,0.85,0.37,0.12
711918,0.00,-0.79,-0.67
712020,1.16,-0.06,0.79
712122,0.73,0.43,0.37
712225,0.31,-0.31,-0.12
712327,0.85,-0.06,0.37
712430,0.43,0.55,0.18
712532,1.10,0.06,-0.06
712635,-0.49,-1.53,-0.67
712737,1.04,0.37,0.67
712839,0.98,1.04,0.49
712942,0.37,-0.49,0.06
713044,0.49,-0.31,-0.06
713146,0.85,0.24,0.18
713249,0.43,0.12,0.12
713351,0.73,0.00,0.18
713453,-0.12,-0.55,-0.12
713555,0.98,0.12,0.37
713658,0.73,0.18,0.06
713760,0.61,-0.12,0.00
713862,0.73,0.18,0.12
713965,0.49,-0.12,0.24
714067,0.43,-0.06,0.31
714169,-0.18,-0.12,0.24
714272,0.37,-0.31,0.12
714375,1.28,0.49,0.49
714477,0.85,-0.31,0.18
714579,0.06,-0.85,-0.61
714682,0.85,1.34,0.73
714784,4.46,-0.43,0.18
714887,0.24,-0.55,-0.12
714989,1.16,0.18,0.31
715091,0.43,0.12,0.00
715194,0.43,-0.18,-0.06
715297,0.43,0.00,-1.04
715399,-0.98,0.73,-1.22
715502,2.81,-0.73,1.89
715604,6.10,-2.99,-4.76
715707,3.42,-10.74,4.39
715809,-3.91,-7.26,2.62
715912,-21.67,-0.06,-12.27
716014,-24.84,-18.13,13.73
716116,-15.38,14.28,0.31
716219,3.17,14.34,7.02
716321,21.24,8.91,-16.48
716424,-14.10,1.95,-7.93
716526,-5.25,-0.67,-1.40
716629,-4.76,6.16,3.85
716731,0.24,3.48,-2.87
716834,-0.49,0.12,-1.34
716938,1.28,-0.06,1.04
717041,-0.85,0.12,-0.06
717144,0.85,0.18,0.00
717247,0.37,-0.06,-0.49
717349,0.55,0.24,0.37
717451,0.12,-0.18,-0.43
717554,0.92,0.31,-0.12
717656,0.85,0.79,-0.43
717760,0.79,0.18,-0.49
717864,0.43,-0.18,-0.06
717966,0.18,0.37,0.37
718068,0.49,-0.55,0.00
718171,0.98,0.43,0.67
718273,0.67,1.28,-0.85
718375,1.16,1.95,-0.06
718479,2.87,0.67,0.67
718582,1.89,-0.43,0.37
718685,0.00,-0.37,0.49
718789,-0.49,-0.43,0.12
718891,0.85,-1.28,-0.43
718994,1.89,0.67,0.06
719097,1.04,1.16,1.34
719199,1.34,-0.92,-0.31
719302,0.12,-0.06,-0.06
719406,0.55,0.31,0.43
719508,0.24,-0.55,-0.31
719611,-1.34,0.37,-3.54
719713,0.06,-0.37,-1.28
719815,1.77,0.73,-0.12
719918,0.43,0.43,0.79
720020,0.00,-0.98,0.24
720122,0.37,-0.43,0.49
720224,-0.24,0.12,-0.55
720327,0.06,0.18,-0.92
720430,1.71,0.37,0.98
720532,0.92,0.61,-0.31
720635,0.92,-15.56,0.43
720737,-0.06,-0.85,0.37
720839,0.43,0.06,-0.12
720942,1.10,0.37,0.37
721044,-0.24,-0.24,-0.67
721147,0.92,-0.49,0.92
721249,1.40,-0.18,-0.73
721352,0.24,-0.31,0.92
721454,0.49,0.06,0.18
721557,0.85,0.00,0.31
721660,0.55,0.00,0.55
721762,0.06,-0.18,0.06
721864,0.73,-0.06,0.12
721966,-0.49,-0.55,0.00
722069,0.98,-0.37,1.16
722172,-1.10,-0.18,-1.40
722274,1.10,-0.24,-0.12
722376,1.04,0.43,0.12
722479,0.98,0.55,0.24
722581,0.00,-0.85,-0.49
722684,-0.98,-0.73,-0.31
722786,-0.12,0.18,-0.43
722889,1.16,0.18,-0.18
722992,0.92,0.12,0.55
723094,1.04,0.00,0.12
723196,0.31,0.06,-0.43
723298,0.00,-0.49,0.12
723401,1.04,-0.06,-0.06
723504,0.31,0.61,-0.43
723606,1.04,-0.06,0.00
723708,0.06,-0.67,-0.49
723811,1.34,0.85,0.06
723913,0.00,-0.18,-0.06
724015,0.67,-0.61,0.49
724117,-0.31,0.00,-1.22
724221,2.32,0.73,1.16
724323,-0.12,-0.67,0.43
724425,0.61,0.00,0.49
724528,0.67,0.43,0.61
724631,0.98,0.12,0.98
724734,0.12,-0.24,0.79
724836,0.55,-0.37,0.61
724938,0.12,0.18,0.24
725041,0.61,-0.18,0.18
725143,-0.24,0.37,0.98
725246,-0.55,0.31,-0.49
725348,0.55,-1.22,-0.55
725451,0.79,-0.61,0.85
725553,1.16,0.85,0.18
725655,1.89,0.55,1.10
725758,-0.37,-1.28,-1.46
725860,1.10,0.00,1.34
725962,0.79,0.67,-0.92
726065,0.43,0.06,0.12
726167,0.18,-0.49,0.55
726269,0.92,0.12,-0.18
726372,0.85,0.85,-0.61
726474,0.12,-0.31,0.24
726576,0.55,-0.79,-0.12
726679,1.04,0.79,-0.55
726781,-0.18,0.85,0.37
726883,-0.79,-0.67,0.18
726986,2.14,-1.04,-0.92
727088,-1.04,0.67,-0.55
727190,1.71,-0.24,0.24
727293,281.25,3.36,-200.81
727395,13.98,35.95,48.46
727497,30.40,6.10,-3.42
727600,-5.37,-6.71,5.62
727702,-15.56,-12.27,8.61
727804,2.69,-18.31,24.72
727906,11.66,-14.83,3.42
728009,12.94,13.24,4.03
728111,10.07,26.18,-1.04
728214,10.25,16.72,20.57
728316,-9.03,-0.55,-11.35
728418,-5.74,-18.25,-14.10
728521,11.11,-24.84,-11.05
728623,21.85,31.31,3.54
728725,-67.38,-29.72,26.55
728828,-3.78,8.30,33.08
728930,2.87,4.03,7.08
729032,-10.25,-3.85,-4.39
729135,0.43,-1.34,1.16
729237,2.56,-0.67,4.09
729340,0.79,2.20,7.51
729442,-0.55,1.10,1.16
729544,0.79,0.37,0.24
729647,-0.67,-0.98,0.24
729749,0.85,0.06,0.85
729851,1.04,0.55,-0.12
729954,0.55,-0.12,0.31
730056,0.37,-0.31,0.49
730158,0.61,0.24,0.00
730260,0.98,0.18,0.24
730363,0.31,-0.24,0.24
730465,0.67,0.00,0.18
730567,0.92,0.18,0.37
730669,0.73,-0.24,-0.98
730772,3.54,-1.34,-5.49
730874,1.95,-1.40,-4.39
730976,9.03,4.39,-8.73
731079,-1.53,-3.60,8.24
731182,6.59,-9.28,0.98
731285,-7.39,6.10,8.79
731388,0.61,9.09,-6.16
731490,-8.24,12.45,-9.64
731593,-0.85,3.91,0.98
731695,-3.30,-5.00,0.31
731798,-1.71,-2.50,0.31
731900,0.24,1.04,-1.28
732002,1.77,0.61,-0.24
732105,0.24,0.43,0.43
732208,-0.06,0.12,-0.06
732310,0.37,0.37,0.67
732413,0.49,0.18,-0.73
732516,0.61,0.31,0.55
732618,0.85,0.18,1.04
732721,1.40,1.40,1.83
732824,2.69,0.92,1.77
732927,-0.37,-4.15,-1.34
733030,0.37,1.46,1.04
733132,0.06,-0.24,0.24
733234,0.49,-0.31,0.24
733336,1.04,0.67,0.00
733439,0.92,0.24,-0.06
733542,0.24,0.12,0.18
733644,0.55,-0.37,0.06
733746,0.79,0.31,0.24
733848,0.55,0.12,0.18
733951,0.55,0.06,0.24
734053,0.61,-0.06,0.00
734155,0.37,-0.12,-0.06
734258,0.85,0.43,-0.12
734360,1.34,0.06,1.65
734462,0.18,1.34,-3.36
734564,3.48,-0.43,1.16
734667,-1.04,0.12,0.12
734769,0.73,1.10,-0.92
734871,2.69,0.12,0.06
734973,1.46,-0.18,0.24
735076,0.85,0.06,-0.18
735178,0.43,0.12,0.06
735280,0.73,0.12,0.06
735383,0.06,-0.24,0.31
735485,0.55,0.06,0.24
735587,0.61,0.06,0.24
735689,0.37,0.49,0.24
735792,0.61,0.61,0.31
735894,0.79,0.12,0.12
735996,0.24,-0.37,0.18
736098,0.61,-0.31,-0.12
736201,-0.24,-0.43,0.18
736303,0.61,0.18,-0.24
736406,0.49,-0.06,0.18
736508,0.61,0.18,0.06
736610,0.55,0.06,0.18
736713,0.43,0.00,0.06
736815,0.85,0.18,0.31
736917,0.61,0.00,0.00
737019,0.24,-0.18,0.06
737122,0.31,-0.18,0.31
737224,0.61,0.00,0.18
737326,0.43,-0.18,0.06
737428,0.61,-0.06,0.06
737531,0.61,-0.06,0.31
737633,0.61,-0.06,-0.37
737735,0.61,0.00,-0.18
737838,0.73,0.00,0.18
737940,0.67,0.06,0.12
738042,0.55,0.00,0.18
738145,0.55,-0.06,0.31
738247,0.49,-0.12,0.31
738349,0.85,0.06,-0.24
738451,0.37,-0.18,0.06
738554,0.49,-0.43,-0.12
738657,0.31,-0.31,-0.31
738759,0.06,-0.31,0.43
738861,0.00,-0.43,-0.73
738964,1.65,0.18,0.92
739066,0.67,-0.12,-0.92
739168,0.49,-3.54,-1.46
739271,30.52,-6.04,-2.32
739374,58.59,1.16,-16.48
739476,42.24,1.59,-4.52
739578,51.09,7.32,-10.38
739681,33.14,8.24,-2.44
739783,22.95,-8.91,-12.82
739886,-30.33,-25.27,-2.87
739989,-54.32,-9.40,-15.26
740091,2.81,18.62,22.52
740193,4.94,17.82,5.55
740296,5.07,3.23,-9.40
740398,-18.25,-0.67,6.65
740501,-60.67,-5.13,-20.69
740603,-0.92,6.65,22.16
740705,-7.51,-1.40,-18.37
740808,-7.45,-0.79,-7.02
740910,-0.18,4.09,8.79
741013,3.30,-4.70,-3.85
741115,-3.97,-6.77,-6.35
741218,0.00,-3.30,-3.91
741321,2.50,0.24,-4.15
741423,1.53,3.91,3.11
741526,4.27,3.30,3.30
741628,-0.61,-5.07,1.10
741730,-2.87,-6.23,-4.58
741833,-3.11,-1.34,4.64
741935,-5.55,5.00,4.09
742038,13.31,14.53,12.76
742140,8.00,9.40,2.81
742242,1.89,1.16,5.00
742344,0.55,-2.14,-2.08
742447,-0.49,-2.08,0.06
742549,0.43,0.79,0.31
742651,1.40,1.16,0.55
742754,0.24,-0.49,-0.06
742856,0.18,-0.37,-0.18
742959,0.61,0.37,0.55
743061,0.61,0.24,0.18
743164,0.43,-0.37,0.12
743266,0.61,-0.12,0.37
743368,0.61,0.43,0.12
743470,0.24,0.06,0.49
743573,0.49,-0.06,0.18
743675,1.40,0.31,0.43
743778,0.18,-0.06,0.31
743880,0.43,-0.12,0.06
743983,1.04,0.12,0.31
744085,0.18,0.06,-0.06
744188,0.61,-0.18,0.18
744290,0.24,-0.06,0.18
744392,-0.06,0.06,-0.06
744495,1.16,0.24,0.61
744597,0.06,-0.06,0.37
744699,0.73,0.31,-0.06
744802,0.49,-0.12,0.49
744904,0.00,-0.06,0.37
745006,0.55,0.12,0.12
745109,-0.12,-0.37,0.18
745211,0.49,-0.06,0.37
745314,1.40,0.37,0.49
745416,0.12,-0.24,0.43
745518,0.31,-0.06,0.00
745620,0.79,0.06,0.31
745723,0.37,-0.12,-0.18
745826,0.49,-0.18,0.06
745929,0.92,0.18,1.22
746031,0.55,0.24,-0.92
746133,0.37,-0.31,0.24
746235,0.37,0.37,-0.43
746338,-0.73,0.00,-0.85
746441,0.24,-0.06,-0.43
746543,0.24,2.99,3.05
746646,-0.61,13.73,13.12
746748,-14.34,11.84,18.25
746851,-4.70,11.47,8.85
746953,4.46,3.36,5.92
747055,3.36,-15.50,-18.86
747158,5.07,-17.94,-9.09
747260,-9.89,-9.64,-10.99
747363,1.04,-0.18,4.46
747465,5.62,5.55,-1.59
747567,5.25,5.07,1.59
747669,0.79,-0.49,0.92
747772,0.12,-2.87,-0.18
747874,-0.98,-1.04,0.43
747976,3.42,1.46,0.98
748079,2.44,1.53,2.38
748181,1.77,-0.24,0.85
748283,-0.85,-1.28,-0.73
748386,0.31,0.00,0.31
748488,1.10,0.18,0.24
748590,1.10,0.24,0.43
748693,-0.31,-0.55,-0.12
748795,0.92,0.18,0.31
748897,0.67,0.31,0.37
749000,-0.55,-0.49,-0.37
749102,0.43,-0.31,-0.24
749204,0.92,0.43,0.18
749306,0.67,0.06,-0.61
749409,1.40,0.12,0.37
749511,0.61,0.12,0.00
749614,0.31,-0.18,0.18
749716,0.49,-0.18,0.12
749819,0.73,0.06,0.12
749921,0.73,-0.06,0.18
750024,0.18,-0.24,0.12
750127,0.49,0.06,0.55
750230,0.37,0.00,-0.12
750333,0.43,0.00,0.00
750435,0.18,-0.18,-0.18
750538,0.73,0.12,0.18
750640,0.55,0.12,-0.12
750743,-0.43,-0.37,-0.18
750846,0.37,0.00,0.31
750948,0.24,0.06,0.12
751051,0.24,-0.18,0.31
751153,0.61,-0.18,-0.06
751256,0.37,-0.12,0.18
751358,0.24,-0.12,0.73
751461,1.10,0.55,0.67
751565,1.16,0.49,0.73
751667,0.79,-0.24,0.79
751770,0.55,0.37,-0.06
751872,0.43,-0.43,0.49
751974,0.43,0.06,0.43
752077,1.22,0.12,0.31
752179,0.67,0.00,0.00
752281,0.31,-0.12,-0.06
752384,0.67,0.00,0.37
752486,0.73,0.12,0.18
752588,0.79,0.18,0.24
752690,0.43,0.00,0.18
752793,0.49,0.00,0.31
752896,0.00,-0.31,0.43
752998,0.49,-0.06,-0.43
753101,0.24,-0.24,0.18
753203,1.04,0.31,0.31
753306,0.24,-0.37,0.49
753408,-0.67,-0.18,-0.06
753511,-1.95,0.31,-0.92
753614,2.26,-1.89,2.38
753716,4.64,-2.87,1.89
753819,-2.50,-4.09,15.20
753922,1.77,5.55,6.35
754024,-5.86,0.24,10.62
754126,-0.85,-2.20,-2.38
754229,1.16,-3.11,-2.08
754331,1.95,-0.06,1.16
754433,3.30,-3.17,-1.83
754536,1.77,-4.33,-2.50
754638,1.89,-0.55,1.83
754741,4.88,-0.55,4.76
754843,4.58,-2.93,1.71
754945,-14.77,0.92,0.85
755047,2.32,-0.92,-0.06
755150,4.03,-0.73,1.65
755252,-0.67,0.79,0.31
755355,1.65,0.73,2.75
755458,-2.44,-0.61,0.31
755561,1.28,0.00,0.73
755663,0.37,0.92,0.00
755766,-0.55,0.18,-0.24
755868,2.56,0.06,2.81
755971,2.75,-1.04,0.73
756073,1.10,0.24,0.37
756175,0.67,0.06,0.55
756278,0.92,-0.06,0.67
756380,0.79,0.12,0.49
756482,0.43,0.06,0.00
756584,0.98,0.12,0.61
756687,0.49,0.00,0.37
756789,0.31,-0.18,0.00
756891,0.31,0.55,-0.37
756994,0.79,0.24,0.31
757097,0.73,0.06,0.31
757199,-0.06,-0.06,-0.31
757302,0.92,0.31,0.18
757405,0.55,-0.12,0.43
757507,1.46,0.24,0.55
757609,1.10,0.18,0.18
757712,0.00,-0.12,-0.31
757815,0.49,0.18,-0.12
757917,0.43,0.06,0.24
758019,0.79,-0.18,0.49
758121,0.37,0.00,0.18
758224,0.61,0.00,0.31
758326,0.43,0.12,0.00
758428,0.43,0.18,0.12
758531,0.73,0.12,0.43
758633,0.79,0.12,0.31
758736,0.49,0.12,0.18
758838,0.43,0.06,0.24
758940,2.14,-0.73,0.18
759042,0.73,0.18,0.31
759145,1.04,-0.06,0.92
759248,0.73,0.06,0.43
759350,0.73,0.00,0.31
759453,0.73,-0.06,0.37
759556,0.61,-0.06,0.18
759658,0.73,0.12,0.06
759761,0.61,0.00,0.24
759863,0.73,0.12,0.49
759965,0.67,-0.06,0.49
760067,0.85,0.06,0.00
760170,0.49,0.00,-0.12
760272,1.04,0.12,0.49
760374,0.92,0.18,0.61
760476,0.12,0.00,0.00
760579,0.49,-0.12,0.24
760681,0.06,-0.18,-0.24
760783,0.79,0.24,0.55
760885,0.18,-0.06,0.12
760988,0.18,-0.12,0.18
761090,0.98,0.12,0.37
761192,0.18,-0.06,0.12
761294,0.49,0.00,0.37
761397,1.34,-0.18,0.43
761499,1.10,-0.12,0.18
761602,-0.06,0.06,-0.06
761704,1.10,0.18,0.61
761807,1.22,-0.49,0.55
761909,0.67,0.85,-0.92
762011,-1.28,-0.37,-0.12
762114,0.98,-0.31,0.55
762218,2.87,0.12,0.43
762320,0.49,-0.18,0.18
762424,0.43,0.06,0.37
762527,0.98,0.73,0.67
762629,1.04,0.31,0.55
762732,1.34,0.06,0.61
762834,0.73,0.18,-0.18
762936,0.24,-0.79,0.00
763040,0.79,-0.31,0.00
763143,0.55,-0.24,-0.24
763245,0.24,0.18,0.31
763348,1.53,0.43,1.53
763450,1.59,0.43,0.61
763553,0.79,-0.06,0.61
763656,0.12,0.37,0.31
763758,0.61,0.00,0.18
763860,-0.06,-0.37,-0.31
763963,1.95,0.73,0.61
764065,0.73,-0.12,0.18
764169,-0.06,-0.18,-0.12
764272,1.53,0.55,0.61
764374,0.00,0.00,-0.31
764477,0.37,0.00,0.18
764579,0.31,-0.06,0.31
764681,0.43,0.00,0.12
764784,0.43,-0.06,0.18
764886,-0.12,-0.12,-0.06
764989,1.83,0.43,0.67
765091,0.61,0.18,-0.12
765194,-0.79,-0.49,-0.37
765296,1.83,0.49,0.61
765399,0.00,-0.18,-0.06
765501,0.37,15.50,0.24
765604,1.04,0.12,0.49
765706,0.43,-0.18,-0.06
765808,0.37,-0.06,0.00
765911,0.37,-0.06,0.24
766013,0.55,-0.31,0.43
766115,0.43,-0.12,0.12
766217,0.85,-0.06,0.18
766320,0.67,0.06,0.12
766422,0.92,0.06,0.31
766524,0.85,0.12,0.24
766626,0.85,-0.12,-0.06
766729,1.65,-0.12,0.61
766831,0.85,-1.40,0.49
766933,0.79,-1.10,-0.37
767036,1.10,0.24,-1.10
767138,1.53,1.95,0.67
767241,-0.31,3.30,5.43
767343,2.56,4.15,-2.44
767445,-3.11,-15.01,-16.48
767548,-19.41,-0.79,7.20
767650,0.24,5.00,-17.09
767753,-2.99,6.96,-12.94
767856,-21.12,-7.63,-1.71
767958,-5.86,-1.89,6.90
768061,11.72,1.46,-7.20
768164,7.02,2.32,-2.26
768266,-2.93,1.22,-0.37
768368,-0.37,-1.16,0.12
768470,-4.46,-0.92,2.26
768573,1.22,0.31,-0.55
768676,4.03,1.04,-2.20
768779,-1.10,-0.37,0.37
768881,-2.75,-0.98,2.08
768984,1.83,0.24,-0.85
769086,3.66,1.46,-0.55
769188,-1.53,-1.16,0.06
769290,-0.37,-0.06,0.73
769393,0.79,-0.12,-1.40
769496,0.98,0.06,-0.12
769599,0.43,0.12,1.10
769701,0.18,-0.18,0.31
769804,0.18,-0.06,-0.31
769906,1.46,0.18,0.06
770009,0.43,-0.12,0.24
770111,0.49,0.06,-0.49
770213,0.55,-0.12,0.06
770315,0.73,0.06,0.31
770418,0.73,0.00,0.00
770520,0.73,0.00,-0.31
770623,0.31,-0.12,0.24
770725,0.73,0.00,0.12
770828,0.79,0.12,0.24
770931,-0.18,-0.37,0.18
771033,1.28,0.06,-0.24
771135,1.10,-0.31,0.18
771238,-0.12,0.55,1.46
771340,1.34,0.00,-0.06
771443,0.61,0.12,0.06
771545,0.24,-0.06,0.43
771648,-0.12,0.00,0.79
771750,1.65,0.12,-0.79
771852,-0.12,0.00,0.98
771955,0.73,0.06,0.00
772057,0.67,-0.06,-0.43
772160,-0.12,-0.12,0.61
772262,1.22,0.12,-0.43
772364,0.43,-0.12,0.31
772467,0.85,0.12,0.24
772569,0.61,-0.18,-0.85
772671,0.31,-0.12,0.92
772773,0.67,0.12,-0.37
772876,0.31,-0.12,-0.24
772979,0.92,0.06,0.18
773081,-0.37,-0.24,0.37
773184,1.71,0.31,-0.24
773286,0.43,-0.12,0.43
773388,1.65,0.61,0.85
773491,0.85,0.00,0.12
773594,-0.43,-0.12,0.37
773696,0.67,0.12,-0.24
773798,0.31,-0.06,0.73
773901,1.10,0.24,0.61
774003,0.06,0.06,0.67
774106,-0.31,-0.18,-0.24
774209,1.59,0.18,-0.49
774312,0.49,0.06,0.43
774414,-0.18,-0.18,0.67
774517,1.95,0.24,-1.40
774619,-0.61,-0.12,1.28
774722,1.04,-0.12,0.00
774824,0.12,0.00,-0.67
774926,-0.24,-0.31,0.06
775029,1.95,0.18,-0.49
775131,0.85,0.18,0.43
775233,0.18,-0.12,0.37
775336,0.79,0.00,-0.85
775439,0.49,-0.06,0.43
775542,0.55,0.00,0.31
775645,2.50,0.43,-1.04
775748,-0.79,-0.43,0.37
775850,0.79,0.06,0.73
775952,1.10,0.00,-1.53
776055,-0.43,-0.18,1.22
776158,0.37,0.00,-0.12
776260,0.85,0.06,-0.31
776362,0.61,0.18,0.85
776465,1.04,0.37,1.16
776567,-0.43,-0.55,-2.08
776669,-2.01,-0.98,-1.16
776772,1.89,0.67,1.28
776875,2.14,0.55,0.06
776977,0.43,0.00,1.34
777079,0.12,0.00,-0.92
777182,-0.12,-0.49,-1.89
777284,-0.12,-0.24,0.79
777387,0.37,0.06,0.18
777489,-1.59,-0.73,0.37
777591,22.09,9.77,4.03
777694,-12.70,-4.64,-12.57
777797,5.62,1.65,3.36
777899,0.43,-0.18,0.24
778002,-0.67,-0.55,-0.18
778105,1.95,0.49,-0.18
778208,0.31,-0.18,0.31
778310,-0.37,-0.31,0.61
778413,1.34,0.37,-0.12
778516,0.49,-0.18,-0.12
778618,0.43,-0.12,-0.06
778722,0.24,0.06,0.61
778824,0.73,-0.12,-1.16
778927,0.79,0.18,1.10
779030,0.18,-0.49,-0.43
779132,-1.04,-3.54,-6.10
779234,6.53,-9.28,1.77
779337,13.92,-9.09,17.70
779439,10.86,0.43,-0.49
779542,23.44,7.57,9.46
779644,-6.96,-6.29,-3.23
779747,-52.98,-21.48,-7.69
779849,1.89,-4.94,34.00
779951,-7.75,1.95,4.27
780054,2.38,2.20,11.78
780157,7.32,1.40,3.66
780259,4.03,1.46,-0.18
780362,0.43,0.06,3.23
780464,1.46,1.16,-2.50
780566,5.07,3.42,2.01
780668,4.94,5.55,-0.37
780771,-4.09,4.15,-3.85
780873,-6.10,6.35,-7.69
780976,-10.56,9.28,-16.11
781079,-8.48,8.97,0.49
781182,-12.63,10.07,-6.29
781284,-21.24,-7.08,-0.85
781386,47.30,-16.91,16.24
781489,-71.72,-34.06,-9.22
781592,65.12,-89.36,77.76
781695,69.76,-41.44,99.79
781797,48.95,-16.72,27.40
781899,-38.21,-4.58,-8.12
782002,39.86,43.64,-38.82
782104,61.89,31.13,-18.86
782206,-33.26,-2.20,-33.63
782309,23.62,25.27,-49.93
782412,-3.97,11.35,-26.00
782514,5.55,26.55,-35.34
782617,38.64,8.06,-0.12
782719,-11.05,1.83,-6.35
782821,31.37,2.75,-21.18
782924,62.99,-3.54,-2.93
783026,40.04,10.80,-5.62
783128,-2.20,0.18,1.16
783231,158.75,-32.47,-17.94
783333,115.54,-38.15,-79.47
783436,88.56,-59.75,-55.42
783539,68.91,45.35,214.42
783641,-302.25,270.26,304.50
783743,70.68,-35.89,143.49
783845,-18.74,28.63,118.35
783948,10.31,8.12,124.15
784051,-22.71,-8.61,29.85
784153,43.15,-31.25,-16.36
784255,138.43,-40.89,-27.10
784359,4.94,-8.54,7.26
784462,-4.15,-1.16,1.83
784564,3.60,1.10,-8.79
784666,-1.89,0.79,-2.56
784769,-1.77,-5.19,2.50
784872,-6.77,-3.66,3.78
784975,-21.79,1.83,13.61
785078,-13.43,16.24,27.28
785181,-15.01,9.70,22.89
785283,-18.86,16.48,23.93
785386,9.22,1.34,11.54
785488,2.56,1.83,6.41
785591,31.92,-0.67,-8.97
785694,-12.63,5.07,10.19
785797,29.72,-3.30,-15.44
785900,27.47,1.28,14.28
786002,56.03,13.12,16.54
786105,21.36,52.06,26.55
786207,13.18,124.76,12.51
786310,165.53,89.11,-80.81
786412,706.91,-171.08,-278.50
786515,67.87,-79.28,-159.61
786617,635.50,-368.47,-16.05
786719,-148.01,151.00,112.49
786823,-120.79,105.41,56.58
786925,32.29,2.50,-43.52
787027,175.66,-100.71,-87.34
787130,95.95,-80.93,-31.86
787233,-29.17,33.26,3.54
787335,-78.49,63.48,38.45
787438,-25.88,20.20,20.08
787540,30.70,-31.92,-11.90
787642,38.57,-33.57,-16.48
787745,8.30,2.93,-17.82
787847,-11.17,16.60,0.98
787949,-15.87,8.30,9.89
788052,3.48,-6.41,4.82
788155,13.98,-6.71,-5.80
788257,8.79,-1.65,-5.55
788359,-2.93,1.65,2.20
788462,1.77,2.01,3.97
788565,-3.97,1.83,0.55
788667,5.74,-3.05,-0.79
788769,4.58,-1.10,-2.44
788872,2.44,0.61,-0.61
788974,-7.26,0.92,1.65
789077,0.79,1.53,-1.71
789179,6.84,-1.83,-2.56
789282,3.91,-2.62,-1.22
789384,-0.61,0.31,0.43
789487,6.77,1.46,1.04
789589,3.23,3.48,1.04
789691,17.70,-2.32,-1.89
789793,-31.74,-2.56,1.46
789896,2.38,-2.50,-12.88
789999,6.29,-2.14,-12.57
790101,10.93,-1.34,-5.92
790204,-1.71,-2.14,11.05
790306,-10.56,6.65,9.16
790409,-1.10,5.07,0.24
790511,7.87,-4.64,-4.03
790614,5.74,-6.10,-1.89
790716,1.34,2.32,-0.79
790818,-6.90,5.00,2.87
790921,-2.81,0.00,2.26
791023,6.04,-2.75,-1.65
791125,2.62,-2.08,-2.50
791227,1.65,-0.55,-0.67
791330,-0.18,1.10,1.46
791432,-2.38,2.32,2.14
791535,0.18,0.49,0.00
791637,2.44,-1.59,-0.73
791739,1.77,-0.92,-0.73
791842,0.61,0.37,0.31
791945,-1.89,0.73,0.49
792047,0.98,-0.55,-0.12
792149,1.71,-0.06,-0.37
792251,1.46,-0.06,0.31
792354,-2.08,0.73,1.16
792456,0.61,-0.37,-0.92
792558,3.54,-1.28,-1.71
792661,1.04,-0.43,-0.55
792763,-0.61,0.79,1.10
792866,2.69,0.43,-2.26
792968,3.85,-0.67,0.24
793071,-6.04,0.92,2.62
793173,0.92,1.04,-1.28
793275,4.03,-0.98,-0.85
793377,-1.22,-0.67,1.10
793480,-3.85,2.01,0.67
793582,0.79,1.34,0.18
793684,0.12,-0.18,0.55
793787,0.98,-1.16,-0.12
793889,-0.61,-0.18,-0.43
793992,5.37,-0.31,-0.18
794094,-0.61,0.79,1.10
794197,-1.46,0.18,0.18
794299,1.71,-1.10,-0.49
794402,2.69,0.24,-0.49
794504,-1.34,0.85,1.28
794606,-1.22,0.92,0.18
794709,0.31,0.55,-1.77
794811,5.31,-0.18,-3.17
794914,3.48,-2.08,0.55
795016,2.20,-0.37,1.59
795119,-2.56,1.40,-0.55
795221,3.17,-1.22,-0.85
795324,-3.42,0.18,-0.24
795426,-0.06,0.18,-0.37
795529,0.49,-0.31,0.55
795631,3.11,-0.73,0.18
795733,0.18,0.67,-0.85
795835,1.28,-0.85,0.55
795938,0.79,0.00,0.55
796040,-0.85,1.65,-0.92
796142,2.50,-1.10,0.00
796244,0.92,-0.73,-0.12
796347,1.16,0.31,-0.24
796449,6.84,-1.10,1.04
796551,-0.37,-0.79,1.16
796654,-3.66,0.73,0.61
796757,6.23,-0.18,0.98
796860,0.85,0.55,2.38
796963,-7.57,1.46,0.73
797065,4.70,-1.71,-1.89
797168,3.48,-1.95,-1.04
797270,-1.89,1.59,0.79
797372,-2.01,2.14,1.71
797475,1.89,-0.55,0.73
797578,1.10,-0.06,-0.73
797681,0.92,-0.49,-0.55
797783,4.64,-0.73,0.85
797886,-2.44,1.59,1.10
797988,1.59,-0.79,0.12
798091,2.93,-0.79,-0.92
798193,-0.37,0.67,-0.55
798295,1.59,-0.67,0.61
798398,1.34,0.31,0.31
798500,2.08,0.55,-0.37
798602,0.06,-0.49,-0.12
798704,3.42,-0.79,0.12
798807,-0.73,1.04,0.73
798909,3.05,-0.31,1.53
799011,3.05,-0.61,0.12
799114,-2.38,-0.12,-0.55
799216,1.10,-0.55,-1.40
799318,3.54,-0.37,0.12
799421,0.06,1.22,1.89
799523,-5.13,1.34,0.85
799625,3.85,-1.95,-2.01
799727,4.03,-1.46,-1.53
799830,-2.93,1.04,0.37
799932,-0.61,0.31,0.43
800034,2.26,-0.24,-0.67
800137,2.69,-0.92,-0.67
800239,0.73,-0.31,0.31
800341,-0.49,0.67,0.98
800444,-0.55,1.04,0.73
800546,-0.61,0.18,0.98
800648,2.14,-0.61,0.67
800750,0.98,0.24,-0.24
800853,-2.08,0.79,-0.37
800955,2.62,-1.22,0.61
801058,0.12,0.85,0.67
801160,-2.38,1.46,0.37
801262,3.23,-1.59,0.73
801365,1.28,0.37,0.00
801467,-0.37,0.79,-0.98
801569,2.81,-1.40,-0.37
801672,3.91,-0.06,-0.37
801774,-7.51,2.56,-1.10
801877,3.42,-2.01,0.55
801979,2.69,-0.37,1.59
802082,-7.08,2.75,1.28
802184,2.08,-0.85,-0.06
802287,6.84,-0.61,-1.59
802389,0.55,1.16,1.59
802493,-4.52,0.73,1.22
802596,12.63,-2.69,-4.39
802698,8.67,-2.99,-1.10
802801,-3.72,1.65,0.67
802903,-1.83,1.34,-0.06
803005,2.99,-1.28,-0.43
803108,4.21,-1.89,0.37
803211,1.28,-0.12,-0.06
803313,2.99,0.49,1.95
803416,-0.67,1.83,3.36
803518,-1.04,-0.06,0.73
803622,4.33,-1.65,-3.48
803724,2.44,-1.77,-1.10
803827,-3.66,0.73,1.28
803929,3.11,2.20,1.34
804032,-156.43,55.60,-64.33
804134,7.63,-14.16,6.77
804237,-1.04,-11.96,9.16
804340,-12.21,8.85,-0.06
804444,-8.06,10.50,-1.53
804546,111.08,-9.95,-41.75
804649,-27.83,-2.93,7.51
804751,25.82,0.98,-2.81
804854,30.46,-14.65,-27.16
804958,-9.16,-28.50,10.68
805061,-29.97,-22.03,42.97
805163,-35.22,29.72,11.78
805266,-72.57,44.19,10.07
805368,18.01,42.54,-48.77
805471,11.60,-20.02,-20.57
805574,39.12,-25.57,-40.04
805677,14.34,-20.87,-0.43
805780,-132.87,32.29,28.44
805882,-54.63,23.74,36.74
805984,-80.51,-9.16,45.35
806087,45.41,-8.73,-90.58
806190,72.14,-39.31,-159.55
806292,31.19,9.70,-116.39
806394,57.07,71.29,7.69
806496,-25.09,-119.75,174.80
806599,-223.39,37.72,-25.15
806701,72.20,37.96,-150.76
806804,31.62,-14.77,34.48
806906,-109.31,41.87,217.71
807009,-54.26,0.61,88.87
807112,195.80,-66.65,-137.94
807215,-86.61,114.01,66.16
807317,-101.14,52.86,123.11
807420,19.41,-51.70,-67.99
807522,44.98,-53.77,-14.16
807625,-73.97,57.43,87.65
807727,-14.83,19.04,-38.51
807831,22.46,-30.40,14.28
807933,-9.16,11.90,4.70
808037,57.31,-4.52,1.34
808139,24.11,26.12,-55.85
808242,17.40,-36.74,34.55
808344,24.66,-26.86,30.33
808448,17.15,20.02,-83.50
808550,-32.29,-17.09,54.87
808653,5.25,-55.36,0.43
808755,-5.07,-42.42,17.52
808858,-25.27,0.79,3.66
808960,-41.87,-21.12,23.80
809064,-34.30,-62.01,20.39
809167,-161.99,24.78,31.07
809269,-118.53,-41.14,63.42
809372,-124.57,-34.73,125.12
809475,5.98,18.92,-1.83
809577,-36.93,254.46,-302.86
809679,121.64,192.08,-210.08
809782,76.54,-18.68,-26.79
809885,-67.44,13.79,134.95
809988,-129.39,79.90,59.75
810090,-29.91,-46.33,72.02
810192,18.37,-119.38,97.60
810295,-38.02,-2.87,-154.97
810397,10.93,45.59,-53.89
810500,97.17,35.52,-9.22
810602,205.87,-33.63,-30.27
810706,127.75,-18.25,-2.50
810810,83.92,-48.95,33.57
810913,118.90,-25.15,14.04
811015,79.04,-11.17,19.35
811119,-24.66,-22.52,54.87
811222,-28.14,-5.00,-22.95
811325,-36.01,-18.31,-72.27
811428,35.16,-13.73,-12.88
811531,-0.37,8.42,4.09
811634,-77.09,-9.77,26.98
811738,-13.06,77.15,-34.55
811841,-44.31,25.39,-15.01
811944,30.94,9.89,-164.73
812047,11.96,16.97,-85.14
812149,161.80,-40.77,84.05
812251,-1069.46,388.43,231.45
812354,-242.25,-82.03,57.37
812456,139.65,-11.17,-18.19
812559,-46.08,87.10,14.71
812662,-64.58,61.22,43.58
812765,-11.11,6.53,2.50
812867,55.36,-65.00,8.91
812969,38.94,-34.73,-24.60
813072,17.58,18.68,-37.41
813174,34.06,11.72,-12.82
813277,67.81,-38.15,39.73
813379,32.04,28.14,-35.89
813481,73.67,39.00,-39.55
813583,-122.68,44.13,60.24
813686,-24.60,-240.78,179.81
813788,233.28,65.31,-142.09
813890,13.85,268.98,-130.92
813993,79.83,-10.38,-63.60
814095,-46.81,0.31,-25.21
814198,-227.66,81.79,-47.30
814300,-56.58,74.40,-41.50
814403,15.38,-54.75,-151.73
814505,-103.58,-51.27,-106.87
814607,-8.73,-31.74,30.64
814710,84.84,-77.39,20.69
814813,-51.27,168.33,1.77
814915,-151.37,190.49,28.93
815018,209.47,-298.95,-108.64
815121,-255.68,-18.01,278.38
815223,-60.79,344.54,-47.73
815326,8.79,152.53,-34.55
815428,1.46,122.99,-40.53
815530,-14.04,202.39,163.02
815633,-197.33,30.27,253.23
815735,109.19,-2.75,-40.04
815837,-99.55,9.09,15.01
815940,66.47,5.98,40.53
816042,35.46,28.63,-4.52
816145,12.88,15.44,5.07
816248,2.44,6.29,6.47
816350,5.13,-1.83,-37.17
816453,-8.18,-12.70,-42.54
816555,-3.36,-30.88,62.19
816658,-55.42,-118.90,115.84
816761,5.07,-172.42,-172.85
816863,346.07,-232.36,-222.23
816965,-227.97,625.37,208.74
817068,-414.37,705.57,616.33
817171,348.02,464.05,-194.21
817273,-142.03,741.03,-346.37
817376,-154.11,562.81,93.87
817478,158.81,-243.41,-319.89
817581,316.77,-289.61,269.96
817683,4.15,59.33,284.61
817785,14.28,-20.94,44.49
817888,200.87,-203.25,-163.51
817990,81.18,126.28,-294.01
818092,-76.29,388.00,-203.67
818195,-145.39,142.52,174.56
818297,-133.97,-10.01,49.38
818399,12.08,-85.39,-9.70
818502,291.50,-149.48,91.06
818604,-286.50,69.46,-22.71
818706,-34.67,3.97,-4.52
818809,39.18,-7.75,1.53
818912,-75.74,10.86,-1.40
819015,-267.21,10.68,-32.04
819118,-33.33,32.35,-34.61
819221,247.62,-36.13,-4.27
819323,2.20,-0.73,-0.18
819426,-13.67,0.18,0.49
819529,-5.07,1.40,-0.37
819632,-16.72,0.85,0.12
819735,4.76,-0.79,-0.31
819837,3.60,-0.43,0.00
819940,5.74,-0.31,0.18
820042,2.20,0.18,0.24
820145,14.77,-0.98,-0.12
820248,3.30,-0.31,0.06
820350,11.66,-1.46,0.37
820452,5.25,-0.18,0.06
820554,8.91,-0.49,0.00
820657,15.50,-0.73,-0.06
820759,7.51,-0.55,0.18
820861,55.42,-0.79,0.92
820964,23.80,-1.53,-7.45
821066,9.64,-0.55,-0.49
821168,67.32,-12.39,-19.90
821271,64.88,-12.70,-1.46
821374,271.48,-82.40,-68.60
821477,65.86,-86.67,-36.25
821579,125.12,-37.84,-27.04
821681,171.02,-10.44,-14.71
821784,-129.76,-25.76,43.03
821886,14.95,-7.14,-56.03
821988,-26.73,1.10,8.00
822090,15.56,-0.61,-3.72
822194,1.04,0.31,0.31
822296,12.15,-0.49,-0.61
822399,37.78,-3.30,-4.39
822502,83.25,-4.15,-8.61
822604,64.70,-2.62,-7.63
822707,29.60,1.10,3.11
822809,82.89,41.87,-54.26
822912,432.80,-124.88,-173.95
823015,580.44,-137.63,-262.33
823117,741.27,-210.82,-167.72
823220,-157.47,7.93,-13.18
823322,9.46,-2.14,6.04
823425,-0.67,0.24,0.18
823527,-1.16,0.61,0.61
823630,-0.55,-0.18,1.10
823732,3.60,-0.06,0.31
823835,2.26,0.12,-0.55
823937,1.34,0.12,0.00
824040,-0.92,0.37,0.31
824142,-0.24,0.31,0.24
824245,0.43,0.06,0.24
824348,0.06,-0.06,0.24
824450,0.49,-0.18,0.06
824552,1.16,-0.37,0.06
824655,1.04,-0.37,0.12
824757,1.71,-0.06,0.06
824859,0.67,0.18,0.12
824962,0.79,0.00,0.12
825065,0.73,-0.12,0.06
825167,1.16,0.06,0.37
825269,1.04,0.12,0.24
825371,0.24,0.12,0.24
825474,0.18,0.12,0.12
825576,0.06,0.06,0.18
825678,1.04,0.18,0.31
825780,1.28,0.06,0.18
825883,0.61,0.18,0.18
825985,0.37,0.18,0.24
826087,-0.24,-0.06,0.12
826190,0.49,-0.37,0.06
826292,1.59,-0.12,0.12
826394,1.04,-0.06,0.18
826497,25.33,-2.99,-6.53
826599,3.72,-0.24,0.24
826701,1.59,-0.12,0.00
826804,0.55,0.24,0.18
826906,-0.37,0.92,0.55
827008,0.18,-0.61,-0.24
827111,6.10,-2.81,1.16
827213,2.56,-0.92,2.50
827316,0.85,1.16,-0.31
827418,19.65,-5.68,4.64
827520,709.84,-164.61,47.30
827622,-289.06,85.45,-52.37
827725,3.54,-1.59,-0.31
827828,-10.62,1.65,-2.75
827931,-5.07,-2.32,-6.10
828034,-8.67,1.77,-2.01
828136,-0.67,0.49,0.18
828239,1.77,0.43,-0.12
828342,-0.92,1.34,1.34
828444,0.49,0.06,-1.95
828548,1.22,0.61,-0.55
828650,-0.73,0.61,1.16
828752,0.37,0.49,1.83
828855,-4.21,1.65,-0.92
828958,16.17,-5.13,-1.83
829061,-5.74,0.18,-5.37
829163,0.55,-0.37,-4.15
829266,2.75,-2.08,-3.72
829370,8.36,-3.30,-0.67
829472,-0.06,-15.01,1.10
829574,4.82,14.65,1.71
829677,-0.49,4.15,2.56
829779,14.53,0.12,5.98
829882,30.64,-2.08,5.86
829984,22.52,0.98,6.41
830087,-7.32,5.00,-3.36
830189,28.99,0.24,9.22
830291,27.77,2.20,-4.03
830393,33.63,3.11,9.77
830496,2.56,-0.43,0.18
830598,0.98,-0.67,-0.12
830701,1.40,-0.12,-0.37
830803,0.37,0.00,-0.67
830906,0.67,1.53,0.37
831008,30.88,2.87,8.42
831110,2.99,0.06,0.24
831212,0.61,-1.22,-0.85
831315,0.92,-0.73,-0.43
831418,-5.92,-1.71,-3.17
831520,-3.78,-0.73,-1.46
831623,0.37,1.10,0.18
831725,4.27,0.92,1.34
831828,0.67,0.00,0.73
